indice,dfbeta_constante,"dfbeta_C(diagnostico, Treatment(reference='DGN3'))[T.DGN1]","dfbeta_C(diagnostico, Treatment(reference='DGN3'))[T.DGN2]","dfbeta_C(diagnostico, Treatment(reference='DGN3'))[T.DGN4]","dfbeta_C(diagnostico, Treatment(reference='DGN3'))[T.DGN5]","dfbeta_C(diagnostico, Treatment(reference='DGN3'))[T.DGN6]","dfbeta_C(diagnostico, Treatment(reference='DGN3'))[T.DGN8]","dfbeta_C(tamanho_tumor_tnm, Treatment(reference='OC11'))[T.OC12]","dfbeta_C(tamanho_tumor_tnm, Treatment(reference='OC11'))[T.OC13]","dfbeta_C(tamanho_tumor_tnm, Treatment(reference='OC11'))[T.OC14]",dfbeta_dispneia_antes_cirurgia,dfbeta_diabetes_mellitus_tipo_2,dfbeta_tabagismo,max_abs_dfbeta,dfbeta_maior_2_raiz_n
0,0.025012515346782997,-1.6320951278684175e-07,-0.11209376613925283,-0.01754697003898636,-0.015590880371753737,-3.4770931193582346e-07,-0.009627129337072566,0.0058415605192645,0.01913627263752606,-0.19535879611076068,-0.0005516962853613478,0.03234401635323331,-0.02184679853911233,0.19535879611076068,True
1,-0.000659834446182204,2.0579578114442825e-07,0.007967524000207516,0.008159252054853865,0.005484591779167241,2.532787722156319e-07,0.0016694375611358144,-0.013587629164497498,-0.0012319157970348026,-0.0006304069276494172,0.007851558520141974,0.00669093105363122,-0.0027417724664502334,0.013587629164497498,False
2,-0.010633603513354808,4.1262102632594766e-08,0.004073836123725345,0.005285916815020056,0.004978989736403625,2.7304733569857967e-07,0.001994626133740637,0.017429216195524705,0.009153257989897029,0.009507729066783115,0.0026907651400369203,0.004200508968125712,-0.0019806684093276565,0.017429216195524705,False
3,-0.014699633453170512,2.765625174860702e-09,0.0016958553651570645,0.0018622888219359205,0.0035056495930189113,1.1569182388287006e-07,0.004714666358724045,0.005517565160473422,0.002761767968021053,0.0031939366475212732,0.0030593619340703133,0.002783931714133889,0.01259099813949778,0.014699633453170512,False
4,0.11491524535377098,-4.459113640904528e-07,-0.04402513946481118,-0.05712385523447173,-0.053806955135588905,-2.950768432883756e-06,-0.02155552924838443,-0.18835408456947006,-0.09891744471893857,-0.10274814338285107,-0.029078565499303793,-0.04539406778489037,0.021404690887383268,0.18835408456947006,True
5,-0.014699633453170538,2.765625174860596e-09,0.0016958553651570615,0.001862288821935895,0.003505649593018902,1.1569182389720895e-07,0.004714666358724045,0.005517565160473439,0.0027617679680210588,0.0031939366475212754,0.003059361934070302,0.0027839317141339325,0.012590998139497805,0.014699633453170538,False
6,-0.0570486952474619,-6.75415826115348e-07,-0.03559567348422027,-0.06830972510357984,-0.03123794623608477,-2.8032248181789974e-07,0.012260792484854736,0.0787041436474883,0.028439510207328968,-0.014005649405399976,-0.018382557157195386,0.2810964111368128,0.05265601124524687,0.2810964111368128,True
7,0.06976828076026059,3.820178964159793e-07,0.3152874372064803,-0.0074008978441146385,-0.011945333443663067,-1.3989688350600788e-06,-0.0037495432852478047,-0.2029718276279043,-0.1472221671464514,-0.17959599879613553,-0.026304486501276356,-0.027898953452314763,0.031577478120180004,0.3152874372064803,True
8,-0.010633603513354755,4.1262102632594263e-08,0.004073836123725318,0.005285916815020013,0.004978989736403539,2.730473356988937e-07,0.0019946261337405913,0.01742921619552474,0.009153257989897032,0.00950772906678322,0.0026907651400367672,0.004200508968125686,-0.001980668409327708,0.01742921619552474,False
9,-0.010633603513354774,4.1262102632594396e-08,0.004073836123725326,0.005285916815020017,0.00497898973640354,2.7304733569889376e-07,0.0019946261337405987,0.017429216195524722,0.009153257989897039,0.009507729066783167,0.002690765140036845,0.004200508968125675,-0.001980668409327686,0.017429216195524722,False
10,-0.016631295781393975,5.2301136833117364e-08,0.003188322267415278,0.0029343953534759714,0.004583567592525821,1.24848986778763e-07,0.006462550074858709,-0.0044658291512597245,-0.0006120565651607579,4.796070009234878e-05,0.005763662288974706,0.004290018655115744,0.0182683032930204,0.0182683032930204,False
11,-0.0006598344461820816,2.0579578113207128e-07,0.007967524000207537,0.008159252054853855,0.005484591779167217,2.532787722156316e-07,0.0016694375611357752,-0.013587629164497553,-0.0012319157970348343,-0.0006304069276494483,0.007851558520142004,0.006690931053631279,-0.0027417724664503653,0.013587629164497553,False
12,-0.010633603513354803,4.126210263259451e-08,0.004073836123725324,0.005285916815020021,0.004978989736403547,2.7304733569889413e-07,0.00199462613374061,0.017429216195524722,0.009153257989897037,0.00950772906678319,0.002690765140036893,0.004200508968125694,-0.0019806684093276595,0.017429216195524722,False
13,-0.02871194436464971,1.873487086726915e-07,0.12867278370015858,0.02014222162555267,0.017896820196742165,3.9913660345261684e-07,0.011051011786899623,-0.006705545536161093,-0.02196658703443564,0.2242529712549349,0.0006332938863563904,-0.037127797232217895,0.025078008169274732,0.2242529712549349,True
14,-0.010633603513354786,4.1262102632594515e-08,0.004073836123725326,0.005285916815020021,0.004978989736403544,2.730473356988941e-07,0.0019946261337406034,0.017429216195524722,0.009153257989897037,0.009507729066783191,0.0026907651400368887,0.004200508968125691,-0.0019806684093276817,0.017429216195524722,False
15,-0.0006598344461822055,2.057957811320711e-07,0.007967524000207539,0.008159252054853856,0.005484591779167241,2.5327877221563187e-07,0.0016694375611358198,-0.013587629164497553,-0.0012319157970348377,-0.0006304069276494443,0.007851558520142026,0.006690931053631271,-0.002741772466450218,0.013587629164497553,False
16,0.007540890199362081,1.479062110374935e-07,-0.06190816957199398,0.002637126020134973,0.0001313268847595438,8.834795363990924e-08,-0.0009733716769760736,-0.01654659047327156,0.00880623796106428,0.01567293038793303,0.011698289751028358,0.006976948448699862,-0.006472431067009037,0.06190816957199398,False
17,0.007540890199362081,1.479062110374935e-07,-0.06190816957199398,0.002637126020134973,0.0001313268847595438,8.834795363990924e-08,-0.0009733716769760736,-0.01654659047327156,0.00880623796106428,0.01567293038793303,0.011698289751028358,0.006976948448699862,-0.006472431067009037,0.06190816957199398,False
18,-0.0006598344461822055,2.057957811320711e-07,0.007967524000207539,0.008159252054853856,0.005484591779167241,2.5327877221563187e-07,0.0016694375611358198,-0.013587629164497553,-0.0012319157970348377,-0.0006304069276494443,0.007851558520142026,0.006690931053631271,-0.002741772466450218,0.013587629164497553,False
19,-0.010633603513354786,4.1262102632594515e-08,0.004073836123725326,0.005285916815020021,0.004978989736403544,2.730473356988941e-07,0.0019946261337406034,0.017429216195524722,0.009153257989897037,0.009507729066783191,0.0026907651400368887,0.004200508968125691,-0.0019806684093276817,0.017429216195524722,False
20,-0.0006598344461822055,2.057957811320711e-07,0.007967524000207539,0.008159252054853856,0.005484591779167241,2.5327877221563187e-07,0.0016694375611358198,-0.013587629164497553,-0.0012319157970348377,-0.0006304069276494443,0.007851558520142026,0.006690931053631271,-0.002741772466450218,0.013587629164497553,False
21,0.008470355737644557,1.0599367011490835e-07,0.000888170621804949,-0.06287423884091597,-0.0012588574462212873,5.344654455359292e-09,-0.0012649461521340802,-0.016957502221070606,-0.002570568856170044,-0.006257374041688371,0.005745163485601262,0.012944339091402112,-0.0047310546921930765,0.06287423884091597,False
22,-0.0006598344461822055,2.057957811320711e-07,0.007967524000207539,0.008159252054853856,0.005484591779167241,2.5327877221563187e-07,0.0016694375611358198,-0.013587629164497553,-0.0012319157970348377,-0.0006304069276494443,0.007851558520142026,0.006690931053631271,-0.002741772466450218,0.013587629164497553,False
23,-0.010633603513354786,4.1262102632594515e-08,0.004073836123725326,0.005285916815020021,0.004978989736403544,2.730473356988941e-07,0.0019946261337406034,0.017429216195524722,0.009153257989897037,0.009507729066783191,0.0026907651400368887,0.004200508968125691,-0.0019806684093276817,0.017429216195524722,False
24,0.0661373377074287,6.826549766871571e-07,0.010317261879148545,0.003317040965160502,-0.007047407620797166,-6.059897354075326e-07,1.478989827868067,-0.17619993486654592,-0.06524864376702136,-0.0647750004992754,0.01878017176268175,0.0035930558875666464,0.00021547481430930153,1.478989827868067,True
25,0.07348748755293788,4.591876237078405e-07,0.0012801466286068537,0.00046186092746808565,-0.2954471979857902,-1.5713192241898555e-07,-0.018435648922533555,-0.07631044658216225,-0.00954207615291555,-0.027105169545422414,0.016419377106232154,0.02808379813946635,-0.059554801901095654,0.2954471979857902,True
26,-0.010633603513354786,4.1262102632594515e-08,0.004073836123725326,0.005285916815020021,0.004978989736403544,2.730473356988941e-07,0.0019946261337406034,0.017429216195524722,0.009153257989897037,0.009507729066783191,0.0026907651400368887,0.004200508968125691,-0.0019806684093276817,0.017429216195524722,False
27,0.11491524535377086,-4.459113640904536e-07,-0.04402513946481117,-0.057123855234471686,-0.05380695513558877,-2.9507684328858944e-06,-0.021555529248384653,-0.18835408456946995,-0.0989174447189384,-0.10274814338285125,-0.02907856549930366,-0.045394067784890677,0.021404690887383403,0.18835408456946995,True
28,-0.010633603513354786,4.1262102632594515e-08,0.004073836123725326,0.005285916815020021,0.004978989736403544,2.730473356988941e-07,0.0019946261337406034,0.017429216195524722,0.009153257989897037,0.009507729066783191,0.0026907651400368887,0.004200508968125691,-0.0019806684093276817,0.017429216195524722,False
29,-6.882546496852911e-12,-2.839741764465032e-16,-6.544948546265505e-12,-2.242151439708246e-12,-1.0785008686109125e-12,-2.3903878889545534e-05,-7.4753174163399e-12,9.44776800153656e-11,3.533502834391889e-11,3.427506448345629e-11,-1.56278832559478e-11,-5.584308356658373e-12,-3.346394719156582e-11,2.3903878889545534e-05,False
30,-0.0022137324515122594,-4.113503525419209e-07,-0.12546114727980523,-0.013206140162779925,-0.009837506224355969,-6.575322280968508e-07,-8.158693572533486e-05,0.008343656994108543,0.014010797140532672,0.3327694445888803,-0.0006448524972170468,-0.05718801876360905,0.021645973916289907,0.3327694445888803,True
31,-0.016631295781393957,5.230113683311745e-08,0.003188322267415278,0.0029343953534759722,0.004583567592525819,1.2484898677876306e-07,0.006462550074858702,-0.004465829151259728,-0.0006120565651607598,4.796070009234858e-05,0.00576366228897472,0.004290018655115756,0.01826830329302037,0.01826830329302037,False
32,-0.1123113315320421,-2.0764736070445654e-07,-0.0010831926025978958,0.01652169450738742,-0.25081216783887667,-5.162750978647603e-07,0.04781410342711668,-0.06975619449565036,-0.027166940296668926,-0.00982868899662127,0.0380114899346035,-0.1772568615438708,0.18267551356872283,0.25081216783887667,True
33,-0.03597528571267936,5.404190851539456e-08,0.006522095684909935,0.010234276240197914,0.011820507141801587,1.5156601564855367e-07,0.014123730374923392,-0.01103180535315839,-0.0045236836018135535,0.002631843127965883,0.011115860500783338,-0.03355079961835759,0.043943898149374154,0.043943898149374154,False
34,-0.021634165554983133,-3.531903416746936e-08,-0.014776566387394332,0.0006581772584697906,0.0036816947258392447,1.1510364653265745e-07,0.006750924735464393,0.009903533814559072,0.006969920959809612,0.009067995613810664,0.004835064988089131,0.003698539551714997,0.01972775648659179,0.021634165554983133,False
35,-0.010633603513354786,4.1262102632594515e-08,0.004073836123725326,0.005285916815020021,0.004978989736403544,2.730473356988941e-07,0.0019946261337406034,0.017429216195524722,0.009153257989897037,0.009507729066783191,0.0026907651400368887,0.004200508968125691,-0.0019806684093276817,0.017429216195524722,False
36,-0.0006598344461822055,2.057957811320711e-07,0.007967524000207539,0.008159252054853856,0.005484591779167241,2.5327877221563187e-07,0.0016694375611358198,-0.013587629164497553,-0.0012319157970348377,-0.0006304069276494443,0.007851558520142026,0.006690931053631271,-0.002741772466450218,0.013587629164497553,False
37,-0.07135444743461311,-1.4431194362140302e-07,0.01720750049285043,0.01944636652590582,0.024136517582214172,-1.0284283863219288e-07,0.02742507591742927,-0.01629708512133357,0.004836284135035801,0.0004123015550590069,-0.1001293358466367,-0.10437895871714195,0.09857528080817579,0.10437895871714195,True
38,-0.010633603513354786,4.1262102632594515e-08,0.004073836123725326,0.005285916815020021,0.004978989736403544,2.730473356988941e-07,0.0019946261337406034,0.017429216195524722,0.009153257989897037,0.009507729066783191,0.0026907651400368887,0.004200508968125691,-0.0019806684093276817,0.017429216195524722,False
39,-0.010633603513354786,4.1262102632594515e-08,0.004073836123725326,0.005285916815020021,0.004978989736403544,2.730473356988941e-07,0.0019946261337406034,0.017429216195524722,0.009153257989897037,0.009507729066783191,0.0026907651400368887,0.004200508968125691,-0.0019806684093276817,0.017429216195524722,False
40,-0.007496323350732441,2.6038911638889627e-07,0.010321767926198605,0.003261744610474151,0.32534154100724394,-5.137923032364432e-07,0.014801191997558907,-0.11483861243222146,-0.06364532891171847,-0.043287201962929164,0.002890342211977633,-0.027591705172233794,0.06744659002457039,0.32534154100724394,True
41,-0.03432396217310929,-6.73226510213385e-07,0.28178817280422896,-0.012003438767546611,-0.0005977621879682578,-4.021344614014392e-07,0.004430507769988347,0.0753153182825217,-0.040083461059881205,-0.07133866898402756,-0.0532472485726337,-0.03175706160754948,0.029460643669214165,0.28178817280422896,True
42,-0.0006598344461822055,2.057957811320711e-07,0.007967524000207539,0.008159252054853856,0.005484591779167241,2.5327877221563187e-07,0.0016694375611358198,-0.013587629164497553,-0.0012319157970348377,-0.0006304069276494443,0.007851558520142026,0.006690931053631271,-0.002741772466450218,0.013587629164497553,False
43,-0.0692704564003255,-4.3283744385341163e-07,-0.0012066862560657734,-0.00043535734183516666,0.2784931547963207,1.481150103707488e-07,0.017377731331202857,0.07193142178185288,0.008994510387131852,0.025549757213662583,-0.015477161947310131,-0.0264722278493201,0.0561372887533824,0.2784931547963207,True
44,-0.0006598344461822055,2.057957811320711e-07,0.007967524000207539,0.008159252054853856,0.005484591779167241,2.5327877221563187e-07,0.0016694375611358198,-0.013587629164497553,-0.0012319157970348377,-0.0006304069276494443,0.007851558520142026,0.006690931053631271,-0.002741772466450218,0.013587629164497553,False
45,-0.010633603513354786,4.1262102632594515e-08,0.004073836123725326,0.005285916815020021,0.004978989736403544,2.730473356988941e-07,0.0019946261337406034,0.017429216195524722,0.009153257989897037,0.009507729066783191,0.0026907651400368887,0.004200508968125691,-0.0019806684093276817,0.017429216195524722,False
46,-0.0006598344461822055,2.057957811320711e-07,0.007967524000207539,0.008159252054853856,0.005484591779167241,2.5327877221563187e-07,0.0016694375611358198,-0.013587629164497553,-0.0012319157970348377,-0.0006304069276494443,0.007851558520142026,0.006690931053631271,-0.002741772466450218,0.013587629164497553,False
47,0.004869166421937083,-1.5186444312849473e-06,-0.05879535473217102,-0.06021018812140783,-0.04047286449452642,-1.8690392721953416e-06,-0.012319407335030832,0.10026822343742127,0.009090769765480691,0.004652009700353794,-0.0579396018612715,-0.04937489548528527,0.020232569711197728,0.10026822343742127,True
48,-0.0006598344461822055,2.057957811320711e-07,0.007967524000207539,0.008159252054853856,0.005484591779167241,2.5327877221563187e-07,0.0016694375611358198,-0.013587629164497553,-0.0012319157970348377,-0.0006304069276494443,0.007851558520142026,0.006690931053631271,-0.002741772466450218,0.013587629164497553,False
49,-0.016631295781393957,5.230113683311745e-08,0.003188322267415278,0.0029343953534759722,0.004583567592525819,1.2484898677876306e-07,0.006462550074858702,-0.004465829151259728,-0.0006120565651607598,4.796070009234858e-05,0.00576366228897472,0.004290018655115756,0.01826830329302037,0.01826830329302037,False
50,-0.016631295781393957,5.230113683311745e-08,0.003188322267415278,0.0029343953534759722,0.004583567592525819,1.2484898677876306e-07,0.006462550074858702,-0.004465829151259728,-0.0006120565651607598,4.796070009234858e-05,0.00576366228897472,0.004290018655115756,0.01826830329302037,0.01826830329302037,False
51,-0.010633603513354786,4.1262102632594515e-08,0.004073836123725326,0.005285916815020021,0.004978989736403544,2.730473356988941e-07,0.0019946261337406034,0.017429216195524722,0.009153257989897037,0.009507729066783191,0.0026907651400368887,0.004200508968125691,-0.0019806684093276817,0.017429216195524722,False
52,0.02768070053946769,2.1714988932889898e-07,0.019938212470755258,0.011860722575444004,0.0053035291376072775,9.6174641474117e-08,-0.007848735624451582,-0.02015952567842674,0.015437466798396167,-0.008983388781098965,-0.12086952084484616,0.003831867113761756,-0.03065963466262705,0.12086952084484616,True
53,0.008470355737644557,1.0599367011490835e-07,0.000888170621804949,-0.06287423884091597,-0.0012588574462212873,5.344654455359292e-09,-0.0012649461521340802,-0.016957502221070606,-0.002570568856170044,-0.006257374041688371,0.005745163485601262,0.012944339091402112,-0.0047310546921930765,0.06287423884091597,False
54,-0.0006598344461822055,2.057957811320711e-07,0.007967524000207539,0.008159252054853856,0.005484591779167241,2.5327877221563187e-07,0.0016694375611358198,-0.013587629164497553,-0.0012319157970348377,-0.0006304069276494443,0.007851558520142026,0.006690931053631271,-0.002741772466450218,0.013587629164497553,False
55,0.008470355737644557,1.0599367011490835e-07,0.000888170621804949,-0.06287423884091597,-0.0012588574462212873,5.344654455359292e-09,-0.0012649461521340802,-0.016957502221070606,-0.002570568856170044,-0.006257374041688371,0.005745163485601262,0.012944339091402112,-0.0047310546921930765,0.06287423884091597,False
56,-0.0367849828523249,-7.497834123846213e-08,0.00495089944549953,0.0031943848416521336,0.008271723303255343,2.0280454925673537e-07,0.011073535615178131,0.020684619309814252,0.013279115875104035,0.007738531721287987,-0.027964909208475303,0.004872929958366694,0.031935369488294216,0.0367849828523249,False
57,0.035870942067441694,2.7551639082268234e-07,-0.02361789626122936,-0.06982125427663846,-0.04465818884800426,-1.2074341022292595e-06,0.005595693017709201,-0.1757584430331821,-0.06585711979887648,-0.11160089279384898,0.007796767483714646,0.31294417361012405,0.057941739618730725,0.31294417361012405,True
58,0.008470355737644557,1.0599367011490835e-07,0.000888170621804949,-0.06287423884091597,-0.0012588574462212873,5.344654455359292e-09,-0.0012649461521340802,-0.016957502221070606,-0.002570568856170044,-0.006257374041688371,0.005745163485601262,0.012944339091402112,-0.0047310546921930765,0.06287423884091597,False
59,-0.0006598344461822055,2.057957811320711e-07,0.007967524000207539,0.008159252054853856,0.005484591779167241,2.5327877221563187e-07,0.0016694375611358198,-0.013587629164497553,-0.0012319157970348377,-0.0006304069276494443,0.007851558520142026,0.006690931053631271,-0.002741772466450218,0.013587629164497553,False
60,0.009292654587833581,-5.636547489855801e-07,-0.10918086795610864,-0.04423634780283055,-0.041552842407220736,-9.194758368733387e-07,-0.004952209562375812,0.015224776565829948,0.4013958570178441,0.015391993911886533,-0.08999875153784341,-0.008617699949425447,0.013488550606293226,0.4013958570178441,True
61,-0.0006598344461822055,2.057957811320711e-07,0.007967524000207539,0.008159252054853856,0.005484591779167241,2.5327877221563187e-07,0.0016694375611358198,-0.013587629164497553,-0.0012319157970348377,-0.0006304069276494443,0.007851558520142026,0.006690931053631271,-0.002741772466450218,0.013587629164497553,False
62,-0.010633603513354786,4.1262102632594515e-08,0.004073836123725326,0.005285916815020021,0.004978989736403544,2.730473356988941e-07,0.0019946261337406034,0.017429216195524722,0.009153257989897037,0.009507729066783191,0.0026907651400368887,0.004200508968125691,-0.0019806684093276817,0.017429216195524722,False
63,-0.03398646230484865,-5.268934751184626e-08,0.003202137326091088,0.0067324074948316125,0.009219064753166804,1.866142661631154e-07,0.010596405931706649,0.01564390738583851,0.005485791738940915,0.010437743294543556,0.005298852983696237,-0.023989975313096365,0.030768487031410434,0.03398646230484865,False
64,0.007540890199362081,1.479062110374935e-07,-0.06190816957199398,0.002637126020134973,0.0001313268847595438,8.834795363990924e-08,-0.0009733716769760736,-0.01654659047327156,0.00880623796106428,0.01567293038793303,0.011698289751028358,0.006976948448699862,-0.006472431067009037,0.06190816957199398,False
65,-0.016631295781393957,5.230113683311745e-08,0.003188322267415278,0.0029343953534759722,0.004583567592525819,1.2484898677876306e-07,0.006462550074858702,-0.004465829151259728,-0.0006120565651607598,4.796070009234858e-05,0.00576366228897472,0.004290018655115756,0.01826830329302037,0.01826830329302037,False
66,-0.0146996334531705,2.7656251748605797e-09,0.0016958553651570609,0.001862288821935893,0.003505649593018895,1.1569182388299461e-07,0.004714666358724029,0.005517565160473445,0.0027617679680210644,0.003193936647521272,0.003059361934070283,0.002783931714133929,0.012590998139497761,0.0146996334531705,False
67,0.060806978825344714,5.236324120928751e-07,0.011912559028211454,0.35766902584743915,-0.004483436159154727,-1.0218878883481666e-06,-0.0015272625627178239,-0.19342122203454257,-0.09240455715357017,-0.07097471919111453,-0.0014447440443039342,-0.06663638738100693,0.026857424117784766,0.35766902584743915,True
68,-0.0006598344461822055,2.057957811320711e-07,0.007967524000207539,0.008159252054853856,0.005484591779167241,2.5327877221563187e-07,0.0016694375611358198,-0.013587629164497553,-0.0012319157970348377,-0.0006304069276494443,0.007851558520142026,0.006690931053631271,-0.002741772466450218,0.013587629164497553,False
69,-0.0006598344461822055,2.057957811320711e-07,0.007967524000207539,0.008159252054853856,0.005484591779167241,2.5327877221563187e-07,0.0016694375611358198,-0.013587629164497553,-0.0012319157970348377,-0.0006304069276494443,0.007851558520142026,0.006690931053631271,-0.002741772466450218,0.013587629164497553,False
70,-0.0146996334531705,2.7656251748605797e-09,0.0016958553651570609,0.001862288821935893,0.003505649593018895,1.1569182388299461e-07,0.004714666358724029,0.005517565160473445,0.0027617679680210644,0.003193936647521272,0.003059361934070283,0.002783931714133929,0.012590998139497761,0.0146996334531705,False
71,0.02162557601235759,2.5603138203684597e-07,0.013493331255079049,0.025894319689571267,0.011841437878080773,1.0626246774320696e-07,-0.004647725924367532,-0.029834555085849618,-0.010780628497724883,0.005309152724792237,0.00696831689804708,-0.10655584285445147,-0.019960431500706453,0.10655584285445147,True
72,-0.010633603513354786,4.1262102632594515e-08,0.004073836123725326,0.005285916815020021,0.004978989736403544,2.730473356988941e-07,0.0019946261337406034,0.017429216195524722,0.009153257989897037,0.009507729066783191,0.0026907651400368887,0.004200508968125691,-0.0019806684093276817,0.017429216195524722,False
73,-0.018120161046615266,-3.578858706046287e-08,6.524497962590294e-05,-0.014453965489292795,0.002839492263320321,8.202412240623127e-08,0.005692682712843667,0.007931428443931719,0.0036006515489976545,0.0031603220223817004,0.0031010716852018063,0.004740700807525834,0.017131145422362378,0.018120161046615266,False
74,-0.010633603513354786,4.1262102632594515e-08,0.004073836123725326,0.005285916815020021,0.004978989736403544,2.730473356988941e-07,0.0019946261337406034,0.017429216195524722,0.009153257989897037,0.009507729066783191,0.0026907651400368887,0.004200508968125691,-0.0019806684093276817,0.017429216195524722,False
75,-0.0022137324515122594,-4.113503525419209e-07,-0.12546114727980523,-0.013206140162779925,-0.009837506224355969,-6.575322280968508e-07,-8.158693572533486e-05,0.008343656994108543,0.014010797140532672,0.3327694445888803,-0.0006448524972170468,-0.05718801876360905,0.021645973916289907,0.3327694445888803,True
76,-0.010633603513354786,4.1262102632594515e-08,0.004073836123725326,0.005285916815020021,0.004978989736403544,2.730473356988941e-07,0.0019946261337406034,0.017429216195524722,0.009153257989897037,0.009507729066783191,0.0026907651400368887,0.004200508968125691,-0.0019806684093276817,0.017429216195524722,False
77,0.004869166421937083,-1.5186444312849473e-06,-0.05879535473217102,-0.06021018812140783,-0.04047286449452642,-1.8690392721953416e-06,-0.012319407335030832,0.10026822343742127,0.009090769765480691,0.004652009700353794,-0.0579396018612715,-0.04937489548528527,0.020232569711197728,0.10026822343742127,True
78,-0.0006598344461822055,2.057957811320711e-07,0.007967524000207539,0.008159252054853856,0.005484591779167241,2.5327877221563187e-07,0.0016694375611358198,-0.013587629164497553,-0.0012319157970348377,-0.0006304069276494443,0.007851558520142026,0.006690931053631271,-0.002741772466450218,0.013587629164497553,False
79,-0.016631295781393957,5.230113683311745e-08,0.003188322267415278,0.0029343953534759722,0.004583567592525819,1.2484898677876306e-07,0.006462550074858702,-0.004465829151259728,-0.0006120565651607598,4.796070009234858e-05,0.00576366228897472,0.004290018655115756,0.01826830329302037,0.01826830329302037,False
80,-0.0006598344461822055,2.057957811320711e-07,0.007967524000207539,0.008159252054853856,0.005484591779167241,2.5327877221563187e-07,0.0016694375611358198,-0.013587629164497553,-0.0012319157970348377,-0.0006304069276494443,0.007851558520142026,0.006690931053631271,-0.002741772466450218,0.013587629164497553,False
81,0.0011895290667602505,2.2103538331221026e-07,0.06741541026625303,0.007096199711309003,0.005286094798995409,3.533189826613984e-07,4.384000037894762e-05,-0.00448338845590375,-0.007528574844606835,-0.17881064470899796,0.0003465056442067352,0.030729463510042798,-0.011631267877096693,0.17881064470899796,True
82,-0.0006598344461822055,2.057957811320711e-07,0.007967524000207539,0.008159252054853856,0.005484591779167241,2.5327877221563187e-07,0.0016694375611358198,-0.013587629164497553,-0.0012319157970348377,-0.0006304069276494443,0.007851558520142026,0.006690931053631271,-0.002741772466450218,0.013587629164497553,False
83,-0.03398646230484865,-5.268934751184626e-08,0.003202137326091088,0.0067324074948316125,0.009219064753166804,1.866142661631154e-07,0.010596405931706649,0.01564390738583851,0.005485791738940915,0.010437743294543556,0.005298852983696237,-0.023989975313096365,0.030768487031410434,0.03398646230484865,False
84,-0.0006598344461822055,2.057957811320711e-07,0.007967524000207539,0.008159252054853856,0.005484591779167241,2.5327877221563187e-07,0.0016694375611358198,-0.013587629164497553,-0.0012319157970348377,-0.0006304069276494443,0.007851558520142026,0.006690931053631271,-0.002741772466450218,0.013587629164497553,False
85,-0.0006598344461822055,2.057957811320711e-07,0.007967524000207539,0.008159252054853856,0.005484591779167241,2.5327877221563187e-07,0.0016694375611358198,-0.013587629164497553,-0.0012319157970348377,-0.0006304069276494443,0.007851558520142026,0.006690931053631271,-0.002741772466450218,0.013587629164497553,False
86,-0.03832494871969714,3.681534138467806e-08,0.009190038290771566,0.005228880688644192,0.01025954483887546,1.6066036380809381e-07,0.014609963545203684,-0.007612256717568983,0.0051553145525276315,-0.0026077031469890198,-0.03574381432857974,0.00766873020190886,0.04536318809836472,0.04536318809836472,False
87,0.02768070053946769,2.1714988932889898e-07,0.019938212470755258,0.011860722575444004,0.0053035291376072775,9.6174641474117e-08,-0.007848735624451582,-0.02015952567842674,0.015437466798396167,-0.008983388781098965,-0.12086952084484616,0.003831867113761756,-0.03065963466262705,0.12086952084484616,True
88,0.005430453646786196,-1.8862994037461796e-07,-0.007477249800147608,-0.002362858709010186,-0.23568249062271368,3.721991643447995e-07,-0.01072221451761056,0.08319088338331765,0.04610566971551176,0.031357924779991164,-0.0020938090142496885,0.01998786191086149,-0.04885936260025858,0.23568249062271368,True
89,0.02768070053946769,2.1714988932889898e-07,0.019938212470755258,0.011860722575444004,0.0053035291376072775,9.6174641474117e-08,-0.007848735624451582,-0.02015952567842674,0.015437466798396167,-0.008983388781098965,-0.12086952084484616,0.003831867113761756,-0.03065963466262705,0.12086952084484616,True
90,0.008470355737644557,1.0599367011490835e-07,0.000888170621804949,-0.06287423884091597,-0.0012588574462212873,5.344654455359292e-09,-0.0012649461521340802,-0.016957502221070606,-0.002570568856170044,-0.006257374041688371,0.005745163485601262,0.012944339091402112,-0.0047310546921930765,0.06287423884091597,False
91,-0.010633603513354786,4.1262102632594515e-08,0.004073836123725326,0.005285916815020021,0.004978989736403544,2.730473356988941e-07,0.0019946261337406034,0.017429216195524722,0.009153257989897037,0.009507729066783191,0.0026907651400368887,0.004200508968125691,-0.0019806684093276817,0.017429216195524722,False
92,0.004869166421937083,-1.5186444312849473e-06,-0.05879535473217102,-0.06021018812140783,-0.04047286449452642,-1.8690392721953416e-06,-0.012319407335030832,0.10026822343742127,0.009090769765480691,0.004652009700353794,-0.0579396018612715,-0.04937489548528527,0.020232569711197728,0.10026822343742127,True
93,-0.010633603513354786,4.1262102632594515e-08,0.004073836123725326,0.005285916815020021,0.004978989736403544,2.730473356988941e-07,0.0019946261337406034,0.017429216195524722,0.009153257989897037,0.009507729066783191,0.0026907651400368887,0.004200508968125691,-0.0019806684093276817,0.017429216195524722,False
94,-0.0006598344461822055,2.057957811320711e-07,0.007967524000207539,0.008159252054853856,0.005484591779167241,2.5327877221563187e-07,0.0016694375611358198,-0.013587629164497553,-0.0012319157970348377,-0.0006304069276494443,0.007851558520142026,0.006690931053631271,-0.002741772466450218,0.013587629164497553,False
95,-0.010633603513354786,4.1262102632594515e-08,0.004073836123725326,0.005285916815020021,0.004978989736403544,2.730473356988941e-07,0.0019946261337406034,0.017429216195524722,0.009153257989897037,0.009507729066783191,0.0026907651400368887,0.004200508968125691,-0.0019806684093276817,0.017429216195524722,False
96,-0.04521178686279148,-5.657570201854207e-07,-0.004740743139320012,0.3356006257213261,0.006719339342059539,-2.852789015897566e-08,0.00675183871782672,0.09051319683505477,0.013720794597182787,0.033399667057224414,-0.030665666832444944,-0.06909234018108845,0.02525270992208932,0.3356006257213261,True
97,-6.882546496852911e-12,-2.839741764465032e-16,-6.544948546265505e-12,-2.242151439708246e-12,-1.0785008686109125e-12,-2.3903878889545534e-05,-7.4753174163399e-12,9.44776800153656e-11,3.533502834391889e-11,3.427506448345629e-11,-1.56278832559478e-11,-5.584308356658373e-12,-3.346394719156582e-11,2.3903878889545534e-05,False
98,-0.00711717210837918,-1.2535982916692682e-07,0.01071297839984905,0.007569891539862327,0.007005369313533531,3.299854973644818e-07,-0.0037075336161187028,0.059521876146273724,0.03937722555772651,0.02069144691628881,-0.0994596831301363,0.0013755053676749102,-0.023298497899234848,0.0994596831301363,True
99,-0.0651818764406759,-5.113395607586358e-07,-0.04695004376293519,-0.02792935649541886,-0.012488628329841028,-2.2646983187271436e-07,0.018482021976253513,0.047471187009890406,-0.03635179145756714,0.021153877110633542,0.2846207653566838,-0.009023192472682663,0.07219660194098726,0.2846207653566838,True
100,-0.010633603513354786,4.1262102632594515e-08,0.004073836123725326,0.005285916815020021,0.004978989736403544,2.730473356988941e-07,0.0019946261337406034,0.017429216195524722,0.009153257989897037,0.009507729066783191,0.0026907651400368887,0.004200508968125691,-0.0019806684093276817,0.017429216195524722,False
101,0.02162557601235759,2.5603138203684597e-07,0.013493331255079049,0.025894319689571267,0.011841437878080773,1.0626246774320696e-07,-0.004647725924367532,-0.029834555085849618,-0.010780628497724883,0.005309152724792237,0.00696831689804708,-0.10655584285445147,-0.019960431500706453,0.10655584285445147,True
102,0.008470355737644557,1.0599367011490835e-07,0.000888170621804949,-0.06287423884091597,-0.0012588574462212873,5.344654455359292e-09,-0.0012649461521340802,-0.016957502221070606,-0.002570568856170044,-0.006257374041688371,0.005745163485601262,0.012944339091402112,-0.0047310546921930765,0.06287423884091597,False
103,-0.0146996334531705,2.7656251748605797e-09,0.0016958553651570609,0.001862288821935893,0.003505649593018895,1.1569182388299461e-07,0.004714666358724029,0.005517565160473445,0.0027617679680210644,0.003193936647521272,0.003059361934070283,0.002783931714133929,0.012590998139497761,0.0146996334531705,False
104,-0.0146996334531705,2.7656251748605797e-09,0.0016958553651570609,0.001862288821935893,0.003505649593018895,1.1569182388299461e-07,0.004714666358724029,0.005517565160473445,0.0027617679680210644,0.003193936647521272,0.003059361934070283,0.002783931714133929,0.012590998139497761,0.0146996334531705,False
105,-0.07761398450240542,-1.5149676664481682e-07,-0.00027670017931555015,0.00031362339067780094,-0.0846198128075954,3.596454143911552e-07,0.02432284827355287,0.03454765078320857,0.018191661727267515,0.014301631019537183,0.01468217196533546,0.018558361951501155,0.07289628638899341,0.0846198128075954,False
106,-0.0006598344461822055,2.057957811320711e-07,0.007967524000207539,0.008159252054853856,0.005484591779167241,2.5327877221563187e-07,0.0016694375611358198,-0.013587629164497553,-0.0012319157970348377,-0.0006304069276494443,0.007851558520142026,0.006690931053631271,-0.002741772466450218,0.013587629164497553,False
107,-0.0006598344461822055,2.057957811320711e-07,0.007967524000207539,0.008159252054853856,0.005484591779167241,2.5327877221563187e-07,0.0016694375611358198,-0.013587629164497553,-0.0012319157970348377,-0.0006304069276494443,0.007851558520142026,0.006690931053631271,-0.002741772466450218,0.013587629164497553,False
108,-0.0146996334531705,2.7656251748605797e-09,0.0016958553651570609,0.001862288821935893,0.003505649593018895,1.1569182388299461e-07,0.004714666358724029,0.005517565160473445,0.0027617679680210644,0.003193936647521272,0.003059361934070283,0.002783931714133929,0.012590998139497761,0.0146996334531705,False
109,0.02768070053946769,2.1714988932889898e-07,0.019938212470755258,0.011860722575444004,0.0053035291376072775,9.6174641474117e-08,-0.007848735624451582,-0.02015952567842674,0.015437466798396167,-0.008983388781098965,-0.12086952084484616,0.003831867113761756,-0.03065963466262705,0.12086952084484616,True
110,0.007540890199362081,1.479062110374935e-07,-0.06190816957199398,0.002637126020134973,0.0001313268847595438,8.834795363990924e-08,-0.0009733716769760736,-0.01654659047327156,0.00880623796106428,0.01567293038793303,0.011698289751028358,0.006976948448699862,-0.006472431067009037,0.06190816957199398,False
111,0.02162557601235759,2.5603138203684597e-07,0.013493331255079049,0.025894319689571267,0.011841437878080773,1.0626246774320696e-07,-0.004647725924367532,-0.029834555085849618,-0.010780628497724883,0.005309152724792237,0.00696831689804708,-0.10655584285445147,-0.019960431500706453,0.10655584285445147,True
112,-0.0006598344461822055,2.057957811320711e-07,0.007967524000207539,0.008159252054853856,0.005484591779167241,2.5327877221563187e-07,0.0016694375611358198,-0.013587629164497553,-0.0012319157970348377,-0.0006304069276494443,0.007851558520142026,0.006690931053631271,-0.002741772466450218,0.013587629164497553,False
113,-0.010633603513354786,4.1262102632594515e-08,0.004073836123725326,0.005285916815020021,0.004978989736403544,2.730473356988941e-07,0.0019946261337406034,0.017429216195524722,0.009153257989897037,0.009507729066783191,0.0026907651400368887,0.004200508968125691,-0.0019806684093276817,0.017429216195524722,False
114,-0.0006598344461822055,2.057957811320711e-07,0.007967524000207539,0.008159252054853856,0.005484591779167241,2.5327877221563187e-07,0.0016694375611358198,-0.013587629164497553,-0.0012319157970348377,-0.0006304069276494443,0.007851558520142026,0.006690931053631271,-0.002741772466450218,0.013587629164497553,False
115,-0.01126810443555839,1.1029458130625141e-06,0.025506463612171185,0.29353500047733927,-0.0005562481802642323,4.845272298610507e-07,0.022536585479302807,-0.1753545502241089,-0.058737816040303065,-0.08066046571678792,0.031176045697759367,0.2810704505033363,0.06058953093469568,0.29353500047733927,True
116,0.008470355737644557,1.0599367011490835e-07,0.000888170621804949,-0.06287423884091597,-0.0012588574462212873,5.344654455359292e-09,-0.0012649461521340802,-0.016957502221070606,-0.002570568856170044,-0.006257374041688371,0.005745163485601262,0.012944339091402112,-0.0047310546921930765,0.06287423884091597,False
117,0.02162557601235759,2.5603138203684597e-07,0.013493331255079049,0.025894319689571267,0.011841437878080773,1.0626246774320696e-07,-0.004647725924367532,-0.029834555085849618,-0.010780628497724883,0.005309152724792237,0.00696831689804708,-0.10655584285445147,-0.019960431500706453,0.10655584285445147,True
118,-0.007779037298447177,-6.698829876166359e-08,-0.0015239737739081085,-0.04575660140192347,0.000573566024509253,1.3073012591407506e-07,0.00019538271213948344,0.02474437851680934,0.01182131575240355,0.00907979640659881,0.0001848261174038984,0.00852479358264992,-0.0034358704870464836,0.04575660140192347,False
119,-0.0006598344461822055,2.057957811320711e-07,0.007967524000207539,0.008159252054853856,0.005484591779167241,2.5327877221563187e-07,0.0016694375611358198,-0.013587629164497553,-0.0012319157970348377,-0.0006304069276494443,0.007851558520142026,0.006690931053631271,-0.002741772466450218,0.013587629164497553,False
120,-0.021634165554983133,-3.531903416746936e-08,-0.014776566387394332,0.0006581772584697906,0.0036816947258392447,1.1510364653265745e-07,0.006750924735464393,0.009903533814559072,0.006969920959809612,0.009067995613810664,0.004835064988089131,0.003698539551714997,0.01972775648659179,0.021634165554983133,False
121,-0.0006598344461822055,2.057957811320711e-07,0.007967524000207539,0.008159252054853856,0.005484591779167241,2.5327877221563187e-07,0.0016694375611358198,-0.013587629164497553,-0.0012319157970348377,-0.0006304069276494443,0.007851558520142026,0.006690931053631271,-0.002741772466450218,0.013587629164497553,False
122,0.08908240563071355,-8.494284563894464e-07,-0.18548509394329687,-0.0199201017381502,-0.015380246956561192,-1.5818063706680365e-06,-0.03594945970423488,0.036580941602071225,-0.25994105336513157,0.0327465323781763,-0.2374967422804886,-0.03492283473579351,-0.0720246033668487,0.25994105336513157,True
123,-0.007779037298447177,-6.698829876166359e-08,-0.0015239737739081085,-0.04575660140192347,0.000573566024509253,1.3073012591407506e-07,0.00019538271213948344,0.02474437851680934,0.01182131575240355,0.00907979640659881,0.0001848261174038984,0.00852479358264992,-0.0034358704870464836,0.04575660140192347,False
124,-0.0006598344461822055,2.057957811320711e-07,0.007967524000207539,0.008159252054853856,0.005484591779167241,2.5327877221563187e-07,0.0016694375611358198,-0.013587629164497553,-0.0012319157970348377,-0.0006304069276494443,0.007851558520142026,0.006690931053631271,-0.002741772466450218,0.013587629164497553,False
125,-0.0006598344461822055,2.057957811320711e-07,0.007967524000207539,0.008159252054853856,0.005484591779167241,2.5327877221563187e-07,0.0016694375611358198,-0.013587629164497553,-0.0012319157970348377,-0.0006304069276494443,0.007851558520142026,0.006690931053631271,-0.002741772466450218,0.013587629164497553,False
126,-0.010633603513354786,4.1262102632594515e-08,0.004073836123725326,0.005285916815020021,0.004978989736403544,2.730473356988941e-07,0.0019946261337406034,0.017429216195524722,0.009153257989897037,0.009507729066783191,0.0026907651400368887,0.004200508968125691,-0.0019806684093276817,0.017429216195524722,False
127,0.035870942067441694,2.7551639082268234e-07,-0.02361789626122936,-0.06982125427663846,-0.04465818884800426,-1.2074341022292595e-06,0.005595693017709201,-0.1757584430331821,-0.06585711979887648,-0.11160089279384898,0.007796767483714646,0.31294417361012405,0.057941739618730725,0.31294417361012405,True
128,-0.10124290344862664,2.500764206915194e-07,-0.0022082524030528324,0.2882098545920012,0.025119252538200805,1.2197328923206598e-06,0.03238857473577437,0.03879367699915986,-0.030380294632439492,0.042936078629483704,0.28876875164640914,-0.025137560841450815,0.07238241218658328,0.28876875164640914,True
129,-0.010466601098675773,-5.7310125615403766e-08,-0.047299256921687904,0.0011102788353431652,0.0017920326942713883,2.0987257513722753e-07,0.0005625045284369481,0.030449727740181117,0.02208619274566044,0.026942898088268438,0.0039461853483307285,0.004185386448883651,-0.004737236801373792,0.047299256921687904,False
130,-0.010633603513354786,4.1262102632594515e-08,0.004073836123725326,0.005285916815020021,0.004978989736403544,2.730473356988941e-07,0.0019946261337406034,0.017429216195524722,0.009153257989897037,0.009507729066783191,0.0026907651400368887,0.004200508968125691,-0.0019806684093276817,0.017429216195524722,False
131,0.007540890199362081,1.479062110374935e-07,-0.06190816957199398,0.002637126020134973,0.0001313268847595438,8.834795363990924e-08,-0.0009733716769760736,-0.01654659047327156,0.00880623796106428,0.01567293038793303,0.011698289751028358,0.006976948448699862,-0.006472431067009037,0.06190816957199398,False
132,-0.056792275123826216,5.415320146747822e-07,0.11825141465381073,0.01269956609723152,0.009805294439963565,1.008441363471973e-06,0.022918685139009073,-0.023321270738530353,0.16571896228181718,-0.020876738375052103,0.15141014921082935,0.022264185889197482,0.04591749696400477,0.16571896228181718,True
133,-0.010633603513354786,4.1262102632594515e-08,0.004073836123725326,0.005285916815020021,0.004978989736403544,2.730473356988941e-07,0.0019946261337406034,0.017429216195524722,0.009153257989897037,0.009507729066783191,0.0026907651400368887,0.004200508968125691,-0.0019806684093276817,0.017429216195524722,False
134,-0.0006598344461822055,2.057957811320711e-07,0.007967524000207539,0.008159252054853856,0.005484591779167241,2.5327877221563187e-07,0.0016694375611358198,-0.013587629164497553,-0.0012319157970348377,-0.0006304069276494443,0.007851558520142026,0.006690931053631271,-0.002741772466450218,0.013587629164497553,False
135,-0.010633603513354786,4.1262102632594515e-08,0.004073836123725326,0.005285916815020021,0.004978989736403544,2.730473356988941e-07,0.0019946261337406034,0.017429216195524722,0.009153257989897037,0.009507729066783191,0.0026907651400368887,0.004200508968125691,-0.0019806684093276817,0.017429216195524722,False
136,0.012678127195274875,-7.895442921927216e-08,-0.09705374968302348,0.000331706654817021,0.0022906451995402337,-1.8039153288817883e-07,-0.004749212544886299,0.001722378039726741,-0.15893421572702143,0.02586583459560353,0.03962631033065168,-0.0026514409477383996,-0.010493643739761301,0.15893421572702143,True
137,-0.0022137324515122594,-4.113503525419209e-07,-0.12546114727980523,-0.013206140162779925,-0.009837506224355969,-6.575322280968508e-07,-8.158693572533486e-05,0.008343656994108543,0.014010797140532672,0.3327694445888803,-0.0006448524972170468,-0.05718801876360905,0.021645973916289907,0.3327694445888803,True
138,-0.0006598344461822055,2.057957811320711e-07,0.007967524000207539,0.008159252054853856,0.005484591779167241,2.5327877221563187e-07,0.0016694375611358198,-0.013587629164497553,-0.0012319157970348377,-0.0006304069276494443,0.007851558520142026,0.006690931053631271,-0.002741772466450218,0.013587629164497553,False
139,-0.016631295781393957,5.230113683311745e-08,0.003188322267415278,0.0029343953534759722,0.004583567592525819,1.2484898677876306e-07,0.006462550074858702,-0.004465829151259728,-0.0006120565651607598,4.796070009234858e-05,0.00576366228897472,0.004290018655115756,0.01826830329302037,0.01826830329302037,False
140,-0.010466601098675773,-5.7310125615403766e-08,-0.047299256921687904,0.0011102788353431652,0.0017920326942713883,2.0987257513722753e-07,0.0005625045284369481,0.030449727740181117,0.02208619274566044,0.026942898088268438,0.0039461853483307285,0.004185386448883651,-0.004737236801373792,0.047299256921687904,False
141,-0.0006598344461822055,2.057957811320711e-07,0.007967524000207539,0.008159252054853856,0.005484591779167241,2.5327877221563187e-07,0.0016694375611358198,-0.013587629164497553,-0.0012319157970348377,-0.0006304069276494443,0.007851558520142026,0.006690931053631271,-0.002741772466450218,0.013587629164497553,False
142,-0.0146996334531705,2.7656251748605797e-09,0.0016958553651570609,0.001862288821935893,0.003505649593018895,1.1569182388299461e-07,0.004714666358724029,0.005517565160473445,0.0027617679680210644,0.003193936647521272,0.003059361934070283,0.002783931714133929,0.012590998139497761,0.0146996334531705,False
143,-0.04521178686279148,-5.657570201854207e-07,-0.004740743139320012,0.3356006257213261,0.006719339342059539,-2.852789015897566e-08,0.00675183871782672,0.09051319683505477,0.013720794597182787,0.033399667057224414,-0.030665666832444944,-0.06909234018108845,0.02525270992208932,0.3356006257213261,True
144,-0.010466601098675773,-5.7310125615403766e-08,-0.047299256921687904,0.0011102788353431652,0.0017920326942713883,2.0987257513722753e-07,0.0005625045284369481,0.030449727740181117,0.02208619274566044,0.026942898088268438,0.0039461853483307285,0.004185386448883651,-0.004737236801373792,0.047299256921687904,False
145,-0.0006598344461822055,2.057957811320711e-07,0.007967524000207539,0.008159252054853856,0.005484591779167241,2.5327877221563187e-07,0.0016694375611358198,-0.013587629164497553,-0.0012319157970348377,-0.0006304069276494443,0.007851558520142026,0.006690931053631271,-0.002741772466450218,0.013587629164497553,False
146,-0.0146996334531705,2.7656251748605797e-09,0.0016958553651570609,0.001862288821935893,0.003505649593018895,1.1569182388299461e-07,0.004714666358724029,0.005517565160473445,0.0027617679680210644,0.003193936647521272,0.003059361934070283,0.002783931714133929,0.012590998139497761,0.0146996334531705,False
147,-0.0006598344461822055,2.057957811320711e-07,0.007967524000207539,0.008159252054853856,0.005484591779167241,2.5327877221563187e-07,0.0016694375611358198,-0.013587629164497553,-0.0012319157970348377,-0.0006304069276494443,0.007851558520142026,0.006690931053631271,-0.002741772466450218,0.013587629164497553,False
148,-0.0006598344461822055,2.057957811320711e-07,0.007967524000207539,0.008159252054853856,0.005484591779167241,2.5327877221563187e-07,0.0016694375611358198,-0.013587629164497553,-0.0012319157970348377,-0.0006304069276494443,0.007851558520142026,0.006690931053631271,-0.002741772466450218,0.013587629164497553,False
149,-0.010633603513354786,4.1262102632594515e-08,0.004073836123725326,0.005285916815020021,0.004978989736403544,2.730473356988941e-07,0.0019946261337406034,0.017429216195524722,0.009153257989897037,0.009507729066783191,0.0026907651400368887,0.004200508968125691,-0.0019806684093276817,0.017429216195524722,False
150,-0.016631295781393957,5.230113683311745e-08,0.003188322267415278,0.0029343953534759722,0.004583567592525819,1.2484898677876306e-07,0.006462550074858702,-0.004465829151259728,-0.0006120565651607598,4.796070009234858e-05,0.00576366228897472,0.004290018655115756,0.01826830329302037,0.01826830329302037,False
151,0.11491524535377086,-4.459113640904536e-07,-0.04402513946481117,-0.057123855234471686,-0.05380695513558877,-2.9507684328858944e-06,-0.021555529248384653,-0.18835408456946995,-0.0989174447189384,-0.10274814338285125,-0.02907856549930366,-0.045394067784890677,0.021404690887383403,0.18835408456946995,True
152,0.4116331141471444,-1.2944800039054804e-06,-0.07891261397137117,-0.07262779240818629,-0.11344565251049811,-3.0900765581568207e-06,-0.15995143418842991,0.11053156560649323,0.015148714403431256,-0.001187051964873177,-0.14265360246658237,-0.1061801655124332,-0.4521498909966611,0.4521498909966611,True
153,-0.0006598344461822055,2.057957811320711e-07,0.007967524000207539,0.008159252054853856,0.005484591779167241,2.5327877221563187e-07,0.0016694375611358198,-0.013587629164497553,-0.0012319157970348377,-0.0006304069276494443,0.007851558520142026,0.006690931053631271,-0.002741772466450218,0.013587629164497553,False
154,-0.0006598344461822055,2.057957811320711e-07,0.007967524000207539,0.008159252054853856,0.005484591779167241,2.5327877221563187e-07,0.0016694375611358198,-0.013587629164497553,-0.0012319157970348377,-0.0006304069276494443,0.007851558520142026,0.006690931053631271,-0.002741772466450218,0.013587629164497553,False
155,-0.03597528571267936,5.404190851539456e-08,0.006522095684909935,0.010234276240197914,0.011820507141801587,1.5156601564855367e-07,0.014123730374923392,-0.01103180535315839,-0.0045236836018135535,0.002631843127965883,0.011115860500783338,-0.03355079961835759,0.043943898149374154,0.043943898149374154,False
156,0.04561725047086014,-1.7622629434038436e-07,0.07279229036449804,0.01360131072306116,0.012441941775871452,-3.6598818382949194e-07,-0.018148848504516056,0.01626364116159638,-0.2393090173924989,-0.023422121051530374,-0.18842683314985906,-0.018016151528780448,-0.05075760130018034,0.2393090173924989,True
157,-0.0006598344461822055,2.057957811320711e-07,0.007967524000207539,0.008159252054853856,0.005484591779167241,2.5327877221563187e-07,0.0016694375611358198,-0.013587629164497553,-0.0012319157970348377,-0.0006304069276494443,0.007851558520142026,0.006690931053631271,-0.002741772466450218,0.013587629164497553,False
158,-0.0006598344461822055,2.057957811320711e-07,0.007967524000207539,0.008159252054853856,0.005484591779167241,2.5327877221563187e-07,0.0016694375611358198,-0.013587629164497553,-0.0012319157970348377,-0.0006304069276494443,0.007851558520142026,0.006690931053631271,-0.002741772466450218,0.013587629164497553,False
159,-0.010633603513354786,4.1262102632594515e-08,0.004073836123725326,0.005285916815020021,0.004978989736403544,2.730473356988941e-07,0.0019946261337406034,0.017429216195524722,0.009153257989897037,0.009507729066783191,0.0026907651400368887,0.004200508968125691,-0.0019806684093276817,0.017429216195524722,False
160,-0.016631295781393957,5.230113683311745e-08,0.003188322267415278,0.0029343953534759722,0.004583567592525819,1.2484898677876306e-07,0.006462550074858702,-0.004465829151259728,-0.0006120565651607598,4.796070009234858e-05,0.00576366228897472,0.004290018655115756,0.01826830329302037,0.01826830329302037,False
161,-0.010633603513354786,4.1262102632594515e-08,0.004073836123725326,0.005285916815020021,0.004978989736403544,2.730473356988941e-07,0.0019946261337406034,0.017429216195524722,0.009153257989897037,0.009507729066783191,0.0026907651400368887,0.004200508968125691,-0.0019806684093276817,0.017429216195524722,False
162,-0.0006598344461822055,2.057957811320711e-07,0.007967524000207539,0.008159252054853856,0.005484591779167241,2.5327877221563187e-07,0.0016694375611358198,-0.013587629164497553,-0.0012319157970348377,-0.0006304069276494443,0.007851558520142026,0.006690931053631271,-0.002741772466450218,0.013587629164497553,False
163,-0.023710849581758574,2.6369169971181045e-08,-0.020142153207579817,0.0013248423646634612,0.004511608985842765,9.737658847889135e-08,0.009140150738896034,-0.005670645416181129,0.002662968768176666,0.005742412222127796,0.009099763422354877,0.0057408567271258135,0.028475428736181845,0.028475428736181845,False
164,0.025012515346789194,-1.632095127854294e-07,-0.11209376613925354,-0.017546970038986837,-0.01559088037175505,-3.4770931193414814e-07,-0.009627129337074674,0.005841560519263335,0.019136272637525546,-0.1953587961107617,-0.0005516962853626732,0.03234401635323234,-0.02184679853911878,0.1953587961107617,True
165,0.02768070053946769,2.1714988932889898e-07,0.019938212470755258,0.011860722575444004,0.0053035291376072775,9.6174641474117e-08,-0.007848735624451582,-0.02015952567842674,0.015437466798396167,-0.008983388781098965,-0.12086952084484616,0.003831867113761756,-0.03065963466262705,0.12086952084484616,True
166,-0.010466601098675773,-5.7310125615403766e-08,-0.047299256921687904,0.0011102788353431652,0.0017920326942713883,2.0987257513722753e-07,0.0005625045284369481,0.030449727740181117,0.02208619274566044,0.026942898088268438,0.0039461853483307285,0.004185386448883651,-0.004737236801373792,0.047299256921687904,False
167,-0.010633603513354786,4.1262102632594515e-08,0.004073836123725326,0.005285916815020021,0.004978989736403544,2.730473356988941e-07,0.0019946261337406034,0.017429216195524722,0.009153257989897037,0.009507729066783191,0.0026907651400368887,0.004200508968125691,-0.0019806684093276817,0.017429216195524722,False
168,-0.009285113127758461,-7.131680156407912e-08,0.006113439625111529,0.018073075512254413,0.011559672303975648,3.125416169007719e-07,-0.0014484326227048427,0.04549467989030085,0.017046968168587074,0.028887641501065126,-0.0020181758254636845,-0.08100489943029032,-0.01499808971193292,0.08100489943029032,False
169,0.28879961236433294,6.051100767683664e-07,-0.12691493889028463,-0.027177134373941713,-0.08075166540391211,-3.4904296821515037e-07,-0.1014177394044023,-0.024980645224391546,0.3797371459027045,0.03114015397308912,0.22521595898826482,-0.017905136547978005,-0.3410832063193404,0.3797371459027045,True
170,-0.0006598344461822055,2.057957811320711e-07,0.007967524000207539,0.008159252054853856,0.005484591779167241,2.5327877221563187e-07,0.0016694375611358198,-0.013587629164497553,-0.0012319157970348377,-0.0006304069276494443,0.007851558520142026,0.006690931053631271,-0.002741772466450218,0.013587629164497553,False
171,0.05015566718489642,-6.807614594658101e-09,-0.1456991700342734,0.015191541568881306,-0.0014471097712353406,-5.173765775827316e-07,-0.014566995669310426,-0.03324799241277676,0.00831604930405246,0.044690219030691904,0.009194904995149137,-0.16064438509090595,-0.03373832763486555,0.16064438509090595,True
172,0.05964107956140315,-9.467446682071398e-08,-0.1488322378349142,-0.0068533415186386275,-0.012307155852950325,-5.825717584578056e-07,-0.01957116017337657,-0.018189229504438884,0.04741897318092642,0.027013186302680736,-0.17211159672472262,-0.0024739196892274423,-0.04882253945068172,0.17211159672472262,True
173,0.11491524535377086,-4.459113640904536e-07,-0.04402513946481117,-0.057123855234471686,-0.05380695513558877,-2.9507684328858944e-06,-0.021555529248384653,-0.18835408456946995,-0.0989174447189384,-0.10274814338285125,-0.02907856549930366,-0.045394067784890677,0.021404690887383403,0.18835408456946995,True
174,-0.010633603513354786,4.1262102632594515e-08,0.004073836123725326,0.005285916815020021,0.004978989736403544,2.730473356988941e-07,0.0019946261337406034,0.017429216195524722,0.009153257989897037,0.009507729066783191,0.0026907651400368887,0.004200508968125691,-0.0019806684093276817,0.017429216195524722,False
175,-0.0651818764406759,-5.113395607586358e-07,-0.04695004376293519,-0.02792935649541886,-0.012488628329841028,-2.2646983187271436e-07,0.018482021976253513,0.047471187009890406,-0.03635179145756714,0.021153877110633542,0.2846207653566838,-0.009023192472682663,0.07219660194098726,0.2846207653566838,True
176,0.0011895290667602505,2.2103538331221026e-07,0.06741541026625303,0.007096199711309003,0.005286094798995409,3.533189826613984e-07,4.384000037894762e-05,-0.00448338845590375,-0.007528574844606835,-0.17881064470899796,0.0003465056442067352,0.030729463510042798,-0.011631267877096693,0.17881064470899796,True
177,-0.0006598344461822055,2.057957811320711e-07,0.007967524000207539,0.008159252054853856,0.005484591779167241,2.5327877221563187e-07,0.0016694375611358198,-0.013587629164497553,-0.0012319157970348377,-0.0006304069276494443,0.007851558520142026,0.006690931053631271,-0.002741772466450218,0.013587629164497553,False
178,-0.0006598344461822055,2.057957811320711e-07,0.007967524000207539,0.008159252054853856,0.005484591779167241,2.5327877221563187e-07,0.0016694375611358198,-0.013587629164497553,-0.0012319157970348377,-0.0006304069276494443,0.007851558520142026,0.006690931053631271,-0.002741772466450218,0.013587629164497553,False
179,-0.0006598344461822055,2.057957811320711e-07,0.007967524000207539,0.008159252054853856,0.005484591779167241,2.5327877221563187e-07,0.0016694375611358198,-0.013587629164497553,-0.0012319157970348377,-0.0006304069276494443,0.007851558520142026,0.006690931053631271,-0.002741772466450218,0.013587629164497553,False
180,-0.0006598344461822055,2.057957811320711e-07,0.007967524000207539,0.008159252054853856,0.005484591779167241,2.5327877221563187e-07,0.0016694375611358198,-0.013587629164497553,-0.0012319157970348377,-0.0006304069276494443,0.007851558520142026,0.006690931053631271,-0.002741772466450218,0.013587629164497553,False
181,-0.0006598344461822055,2.057957811320711e-07,0.007967524000207539,0.008159252054853856,0.005484591779167241,2.5327877221563187e-07,0.0016694375611358198,-0.013587629164497553,-0.0012319157970348377,-0.0006304069276494443,0.007851558520142026,0.006690931053631271,-0.002741772466450218,0.013587629164497553,False
182,-0.010633603513354786,4.1262102632594515e-08,0.004073836123725326,0.005285916815020021,0.004978989736403544,2.730473356988941e-07,0.0019946261337406034,0.017429216195524722,0.009153257989897037,0.009507729066783191,0.0026907651400368887,0.004200508968125691,-0.0019806684093276817,0.017429216195524722,False
183,-0.0006598344461822055,2.057957811320711e-07,0.007967524000207539,0.008159252054853856,0.005484591779167241,2.5327877221563187e-07,0.0016694375611358198,-0.013587629164497553,-0.0012319157970348377,-0.0006304069276494443,0.007851558520142026,0.006690931053631271,-0.002741772466450218,0.013587629164497553,False
184,-0.0146996334531705,2.7656251748605797e-09,0.0016958553651570609,0.001862288821935893,0.003505649593018895,1.1569182388299461e-07,0.004714666358724029,0.005517565160473445,0.0027617679680210644,0.003193936647521272,0.003059361934070283,0.002783931714133929,0.012590998139497761,0.0146996334531705,False
185,0.11282227033350165,3.39031206105776e-07,-0.008704386185052468,0.013008254840789806,0.28359569181929745,5.911367626265538e-07,-0.04609499658502377,0.051693985411599204,-0.021975149399322668,0.038339818445142476,0.20092726491802185,-0.03526164245959395,-0.17935680686106645,0.28359569181929745,True
186,-0.010633603513354786,4.1262102632594515e-08,0.004073836123725326,0.005285916815020021,0.004978989736403544,2.730473356988941e-07,0.0019946261337406034,0.017429216195524722,0.009153257989897037,0.009507729066783191,0.0026907651400368887,0.004200508968125691,-0.0019806684093276817,0.017429216195524722,False
187,-0.007779037298447177,-6.698829876166359e-08,-0.0015239737739081085,-0.04575660140192347,0.000573566024509253,1.3073012591407506e-07,0.00019538271213948344,0.02474437851680934,0.01182131575240355,0.00907979640659881,0.0001848261174038984,0.00852479358264992,-0.0034358704870464836,0.04575660140192347,False
188,-0.010633603513354786,4.1262102632594515e-08,0.004073836123725326,0.005285916815020021,0.004978989736403544,2.730473356988941e-07,0.0019946261337406034,0.017429216195524722,0.009153257989897037,0.009507729066783191,0.0026907651400368887,0.004200508968125691,-0.0019806684093276817,0.017429216195524722,False
189,0.008470355737644557,1.0599367011490835e-07,0.000888170621804949,-0.06287423884091597,-0.0012588574462212873,5.344654455359292e-09,-0.0012649461521340802,-0.016957502221070606,-0.002570568856170044,-0.006257374041688371,0.005745163485601262,0.012944339091402112,-0.0047310546921930765,0.06287423884091597,False
190,-0.0006598344461822055,2.057957811320711e-07,0.007967524000207539,0.008159252054853856,0.005484591779167241,2.5327877221563187e-07,0.0016694375611358198,-0.013587629164497553,-0.0012319157970348377,-0.0006304069276494443,0.007851558520142026,0.006690931053631271,-0.002741772466450218,0.013587629164497553,False
191,0.11491524535377086,-4.459113640904536e-07,-0.04402513946481117,-0.057123855234471686,-0.05380695513558877,-2.9507684328858944e-06,-0.021555529248384653,-0.18835408456946995,-0.0989174447189384,-0.10274814338285125,-0.02907856549930366,-0.045394067784890677,0.021404690887383403,0.18835408456946995,True
192,-0.021634165554983133,-3.531903416746936e-08,-0.014776566387394332,0.0006581772584697906,0.0036816947258392447,1.1510364653265745e-07,0.006750924735464393,0.009903533814559072,0.006969920959809612,0.009067995613810664,0.004835064988089131,0.003698539551714997,0.01972775648659179,0.021634165554983133,False
193,-0.0006598344461822055,2.057957811320711e-07,0.007967524000207539,0.008159252054853856,0.005484591779167241,2.5327877221563187e-07,0.0016694375611358198,-0.013587629164497553,-0.0012319157970348377,-0.0006304069276494443,0.007851558520142026,0.006690931053631271,-0.002741772466450218,0.013587629164497553,False
194,-0.010633603513354786,4.1262102632594515e-08,0.004073836123725326,0.005285916815020021,0.004978989736403544,2.730473356988941e-07,0.0019946261337406034,0.017429216195524722,0.009153257989897037,0.009507729066783191,0.0026907651400368887,0.004200508968125691,-0.0019806684093276817,0.017429216195524722,False
195,0.004869166421937083,-1.5186444312849473e-06,-0.05879535473217102,-0.06021018812140783,-0.04047286449452642,-1.8690392721953416e-06,-0.012319407335030832,0.10026822343742127,0.009090769765480691,0.004652009700353794,-0.0579396018612715,-0.04937489548528527,0.020232569711197728,0.10026822343742127,True
196,0.004869166421937083,-1.5186444312849473e-06,-0.05879535473217102,-0.06021018812140783,-0.04047286449452642,-1.8690392721953416e-06,-0.012319407335030832,0.10026822343742127,0.009090769765480691,0.004652009700353794,-0.0579396018612715,-0.04937489548528527,0.020232569711197728,0.10026822343742127,True
197,-0.016631295781393957,5.230113683311745e-08,0.003188322267415278,0.0029343953534759722,0.004583567592525819,1.2484898677876306e-07,0.006462550074858702,-0.004465829151259728,-0.0006120565651607598,4.796070009234858e-05,0.00576366228897472,0.004290018655115756,0.01826830329302037,0.01826830329302037,False
198,-0.010633603513354786,4.1262102632594515e-08,0.004073836123725326,0.005285916815020021,0.004978989736403544,2.730473356988941e-07,0.0019946261337406034,0.017429216195524722,0.009153257989897037,0.009507729066783191,0.0026907651400368887,0.004200508968125691,-0.0019806684093276817,0.017429216195524722,False
199,-0.007779037298447177,-6.698829876166359e-08,-0.0015239737739081085,-0.04575660140192347,0.000573566024509253,1.3073012591407506e-07,0.00019538271213948344,0.02474437851680934,0.01182131575240355,0.00907979640659881,0.0001848261174038984,0.00852479358264992,-0.0034358704870464836,0.04575660140192347,False
200,-0.0006598344461822055,2.057957811320711e-07,0.007967524000207539,0.008159252054853856,0.005484591779167241,2.5327877221563187e-07,0.0016694375611358198,-0.013587629164497553,-0.0012319157970348377,-0.0006304069276494443,0.007851558520142026,0.006690931053631271,-0.002741772466450218,0.013587629164497553,False
201,-0.010633603513354786,4.1262102632594515e-08,0.004073836123725326,0.005285916815020021,0.004978989736403544,2.730473356988941e-07,0.0019946261337406034,0.017429216195524722,0.009153257989897037,0.009507729066783191,0.0026907651400368887,0.004200508968125691,-0.0019806684093276817,0.017429216195524722,False
202,0.012678127195274875,-7.895442921927216e-08,-0.09705374968302348,0.000331706654817021,0.0022906451995402337,-1.8039153288817883e-07,-0.004749212544886299,0.001722378039726741,-0.15893421572702143,0.02586583459560353,0.03962631033065168,-0.0026514409477383996,-0.010493643739761301,0.15893421572702143,True
203,0.007540890199362081,1.479062110374935e-07,-0.06190816957199398,0.002637126020134973,0.0001313268847595438,8.834795363990924e-08,-0.0009733716769760736,-0.01654659047327156,0.00880623796106428,0.01567293038793303,0.011698289751028358,0.006976948448699862,-0.006472431067009037,0.06190816957199398,False
204,-0.016631295781393957,5.230113683311745e-08,0.003188322267415278,0.0029343953534759722,0.004583567592525819,1.2484898677876306e-07,0.006462550074858702,-0.004465829151259728,-0.0006120565651607598,4.796070009234858e-05,0.00576366228897472,0.004290018655115756,0.01826830329302037,0.01826830329302037,False
205,-0.0006598344461822055,2.057957811320711e-07,0.007967524000207539,0.008159252054853856,0.005484591779167241,2.5327877221563187e-07,0.0016694375611358198,-0.013587629164497553,-0.0012319157970348377,-0.0006304069276494443,0.007851558520142026,0.006690931053631271,-0.002741772466450218,0.013587629164497553,False
206,-0.010633603513354786,4.1262102632594515e-08,0.004073836123725326,0.005285916815020021,0.004978989736403544,2.730473356988941e-07,0.0019946261337406034,0.017429216195524722,0.009153257989897037,0.009507729066783191,0.0026907651400368887,0.004200508968125691,-0.0019806684093276817,0.017429216195524722,False
207,-0.010633603513354786,4.1262102632594515e-08,0.004073836123725326,0.005285916815020021,0.004978989736403544,2.730473356988941e-07,0.0019946261337406034,0.017429216195524722,0.009153257989897037,0.009507729066783191,0.0026907651400368887,0.004200508968125691,-0.0019806684093276817,0.017429216195524722,False
208,-0.0006598344461822055,2.057957811320711e-07,0.007967524000207539,0.008159252054853856,0.005484591779167241,2.5327877221563187e-07,0.0016694375611358198,-0.013587629164497553,-0.0012319157970348377,-0.0006304069276494443,0.007851558520142026,0.006690931053631271,-0.002741772466450218,0.013587629164497553,False
209,-0.03432396217310929,-6.73226510213385e-07,0.28178817280422896,-0.012003438767546611,-0.0005977621879682578,-4.021344614014392e-07,0.004430507769988347,0.0753153182825217,-0.040083461059881205,-0.07133866898402756,-0.0532472485726337,-0.03175706160754948,0.029460643669214165,0.28178817280422896,True
210,-0.010633603513354786,4.1262102632594515e-08,0.004073836123725326,0.005285916815020021,0.004978989736403544,2.730473356988941e-07,0.0019946261337406034,0.017429216195524722,0.009153257989897037,0.009507729066783191,0.0026907651400368887,0.004200508968125691,-0.0019806684093276817,0.017429216195524722,False
211,0.004869166421937083,-1.5186444312849473e-06,-0.05879535473217102,-0.06021018812140783,-0.04047286449452642,-1.8690392721953416e-06,-0.012319407335030832,0.10026822343742127,0.009090769765480691,0.004652009700353794,-0.0579396018612715,-0.04937489548528527,0.020232569711197728,0.10026822343742127,True
212,-0.00711717210837918,-1.2535982916692682e-07,0.01071297839984905,0.007569891539862327,0.007005369313533531,3.299854973644818e-07,-0.0037075336161187028,0.059521876146273724,0.03937722555772651,0.02069144691628881,-0.0994596831301363,0.0013755053676749102,-0.023298497899234848,0.0994596831301363,True
213,-0.057048695247462526,-6.754158261153443e-07,-0.03559567348422021,-0.06830972510357994,-0.031237946236084696,-2.8032248181789105e-07,0.012260792484854996,0.07870414364748825,0.028439510207329172,-0.014005649405399953,-0.018382557157195126,0.28109641113681477,0.05265601124524738,0.28109641113681477,True
214,-0.010633603513354786,4.1262102632594515e-08,0.004073836123725326,0.005285916815020021,0.004978989736403544,2.730473356988941e-07,0.0019946261337406034,0.017429216195524722,0.009153257989897037,0.009507729066783191,0.0026907651400368887,0.004200508968125691,-0.0019806684093276817,0.017429216195524722,False
215,0.007540890199362081,1.479062110374935e-07,-0.06190816957199398,0.002637126020134973,0.0001313268847595438,8.834795363990924e-08,-0.0009733716769760736,-0.01654659047327156,0.00880623796106428,0.01567293038793303,0.011698289751028358,0.006976948448699862,-0.006472431067009037,0.06190816957199398,False
216,0.007540890199362081,1.479062110374935e-07,-0.06190816957199398,0.002637126020134973,0.0001313268847595438,8.834795363990924e-08,-0.0009733716769760736,-0.01654659047327156,0.00880623796106428,0.01567293038793303,0.011698289751028358,0.006976948448699862,-0.006472431067009037,0.06190816957199398,False
217,-0.0006598344461822055,2.057957811320711e-07,0.007967524000207539,0.008159252054853856,0.005484591779167241,2.5327877221563187e-07,0.0016694375611358198,-0.013587629164497553,-0.0012319157970348377,-0.0006304069276494443,0.007851558520142026,0.006690931053631271,-0.002741772466450218,0.013587629164497553,False
218,-0.010633603513354786,4.1262102632594515e-08,0.004073836123725326,0.005285916815020021,0.004978989736403544,2.730473356988941e-07,0.0019946261337406034,0.017429216195524722,0.009153257989897037,0.009507729066783191,0.0026907651400368887,0.004200508968125691,-0.0019806684093276817,0.017429216195524722,False
219,-0.010633603513354786,4.1262102632594515e-08,0.004073836123725326,0.005285916815020021,0.004978989736403544,2.730473356988941e-07,0.0019946261337406034,0.017429216195524722,0.009153257989897037,0.009507729066783191,0.0026907651400368887,0.004200508968125691,-0.0019806684093276817,0.017429216195524722,False
220,-0.04165294102560651,6.65421294569285e-08,-0.02352685342475341,0.004180172263447746,0.1735926955812569,4.1804142224038067e-07,0.013544080976438232,0.013882809262709699,0.16720471324616654,0.020673404213654475,-0.02495618114595812,-0.0016589007197585208,0.03330490471968424,0.1735926955812569,True
221,0.008470355737644557,1.0599367011490835e-07,0.000888170621804949,-0.06287423884091597,-0.0012588574462212873,5.344654455359292e-09,-0.0012649461521340802,-0.016957502221070606,-0.002570568856170044,-0.006257374041688371,0.005745163485601262,0.012944339091402112,-0.0047310546921930765,0.06287423884091597,False
222,0.02768070053946769,2.1714988932889898e-07,0.019938212470755258,0.011860722575444004,0.0053035291376072775,9.6174641474117e-08,-0.007848735624451582,-0.02015952567842674,0.015437466798396167,-0.008983388781098965,-0.12086952084484616,0.003831867113761756,-0.03065963466262705,0.12086952084484616,True
223,-0.010633603513354786,4.1262102632594515e-08,0.004073836123725326,0.005285916815020021,0.004978989736403544,2.730473356988941e-07,0.0019946261337406034,0.017429216195524722,0.009153257989897037,0.009507729066783191,0.0026907651400368887,0.004200508968125691,-0.0019806684093276817,0.017429216195524722,False
224,-0.0006598344461822055,2.057957811320711e-07,0.007967524000207539,0.008159252054853856,0.005484591779167241,2.5327877221563187e-07,0.0016694375611358198,-0.013587629164497553,-0.0012319157970348377,-0.0006304069276494443,0.007851558520142026,0.006690931053631271,-0.002741772466450218,0.013587629164497553,False
225,0.04939048530103049,-6.075479846845148e-08,-0.005053587271380385,-0.13514780226422285,-0.004440743181468327,-6.309670516473576e-07,-0.014056314476796967,-0.035478241945874386,-0.016038221052380383,-0.005463511871520181,-0.0020614175952789952,-0.12913086530527235,-0.02820929391525977,0.13514780226422285,True
226,-0.0006598344461822055,2.057957811320711e-07,0.007967524000207539,0.008159252054853856,0.005484591779167241,2.5327877221563187e-07,0.0016694375611358198,-0.013587629164497553,-0.0012319157970348377,-0.0006304069276494443,0.007851558520142026,0.006690931053631271,-0.002741772466450218,0.013587629164497553,False
227,0.004869166421937083,-1.5186444312849473e-06,-0.05879535473217102,-0.06021018812140783,-0.04047286449452642,-1.8690392721953416e-06,-0.012319407335030832,0.10026822343742127,0.009090769765480691,0.004652009700353794,-0.0579396018612715,-0.04937489548528527,0.020232569711197728,0.10026822343742127,True
228,-0.0146996334531705,2.7656251748605797e-09,0.0016958553651570609,0.001862288821935893,0.003505649593018895,1.1569182388299461e-07,0.004714666358724029,0.005517565160473445,0.0027617679680210644,0.003193936647521272,0.003059361934070283,0.002783931714133929,0.012590998139497761,0.0146996334531705,False
229,-0.057048695247462526,-6.754158261153443e-07,-0.03559567348422021,-0.06830972510357994,-0.031237946236084696,-2.8032248181789105e-07,0.012260792484854996,0.07870414364748825,0.028439510207329172,-0.014005649405399953,-0.018382557157195126,0.28109641113681477,0.05265601124524738,0.28109641113681477,True
230,-0.00711717210837918,-1.2535982916692682e-07,0.01071297839984905,0.007569891539862327,0.007005369313533531,3.299854973644818e-07,-0.0037075336161187028,0.059521876146273724,0.03937722555772651,0.02069144691628881,-0.0994596831301363,0.0013755053676749102,-0.023298497899234848,0.0994596831301363,True
231,0.07348748755293788,4.591876237078405e-07,0.0012801466286068537,0.00046186092746808565,-0.2954471979857902,-1.5713192241898555e-07,-0.018435648922533555,-0.07631044658216225,-0.00954207615291555,-0.027105169545422414,0.016419377106232154,0.02808379813946635,-0.059554801901095654,0.2954471979857902,True
232,-0.010633603513354786,4.1262102632594515e-08,0.004073836123725326,0.005285916815020021,0.004978989736403544,2.730473356988941e-07,0.0019946261337406034,0.017429216195524722,0.009153257989897037,0.009507729066783191,0.0026907651400368887,0.004200508968125691,-0.0019806684093276817,0.017429216195524722,False
233,-0.0006598344461822055,2.057957811320711e-07,0.007967524000207539,0.008159252054853856,0.005484591779167241,2.5327877221563187e-07,0.0016694375611358198,-0.013587629164497553,-0.0012319157970348377,-0.0006304069276494443,0.007851558520142026,0.006690931053631271,-0.002741772466450218,0.013587629164497553,False
234,-0.010633603513354786,4.1262102632594515e-08,0.004073836123725326,0.005285916815020021,0.004978989736403544,2.730473356988941e-07,0.0019946261337406034,0.017429216195524722,0.009153257989897037,0.009507729066783191,0.0026907651400368887,0.004200508968125691,-0.0019806684093276817,0.017429216195524722,False
235,-0.0006598344461822055,2.057957811320711e-07,0.007967524000207539,0.008159252054853856,0.005484591779167241,2.5327877221563187e-07,0.0016694375611358198,-0.013587629164497553,-0.0012319157970348377,-0.0006304069276494443,0.007851558520142026,0.006690931053631271,-0.002741772466450218,0.013587629164497553,False
236,-0.0006598344461822055,2.057957811320711e-07,0.007967524000207539,0.008159252054853856,0.005484591779167241,2.5327877221563187e-07,0.0016694375611358198,-0.013587629164497553,-0.0012319157970348377,-0.0006304069276494443,0.007851558520142026,0.006690931053631271,-0.002741772466450218,0.013587629164497553,False
237,-0.010633603513354786,4.1262102632594515e-08,0.004073836123725326,0.005285916815020021,0.004978989736403544,2.730473356988941e-07,0.0019946261337406034,0.017429216195524722,0.009153257989897037,0.009507729066783191,0.0026907651400368887,0.004200508968125691,-0.0019806684093276817,0.017429216195524722,False
238,-0.007496323350732441,2.6038911638889627e-07,0.010321767926198605,0.003261744610474151,0.32534154100724394,-5.137923032364432e-07,0.014801191997558907,-0.11483861243222146,-0.06364532891171847,-0.043287201962929164,0.002890342211977633,-0.027591705172233794,0.06744659002457039,0.32534154100724394,True
239,0.004869166421937083,-1.5186444312849473e-06,-0.05879535473217102,-0.06021018812140783,-0.04047286449452642,-1.8690392721953416e-06,-0.012319407335030832,0.10026822343742127,0.009090769765480691,0.004652009700353794,-0.0579396018612715,-0.04937489548528527,0.020232569711197728,0.10026822343742127,True
240,-0.010633603513354786,4.1262102632594515e-08,0.004073836123725326,0.005285916815020021,0.004978989736403544,2.730473356988941e-07,0.0019946261337406034,0.017429216195524722,0.009153257989897037,0.009507729066783191,0.0026907651400368887,0.004200508968125691,-0.0019806684093276817,0.017429216195524722,False
241,-0.0006598344461822055,2.057957811320711e-07,0.007967524000207539,0.008159252054853856,0.005484591779167241,2.5327877221563187e-07,0.0016694375611358198,-0.013587629164497553,-0.0012319157970348377,-0.0006304069276494443,0.007851558520142026,0.006690931053631271,-0.002741772466450218,0.013587629164497553,False
242,-0.02871194436464971,1.873487086726915e-07,0.12867278370015858,0.02014222162555267,0.017896820196742165,3.9913660345261684e-07,0.011051011786899623,-0.006705545536161093,-0.02196658703443564,0.2242529712549349,0.0006332938863563904,-0.037127797232217895,0.025078008169274732,0.2242529712549349,True
243,-0.010633603513354786,4.1262102632594515e-08,0.004073836123725326,0.005285916815020021,0.004978989736403544,2.730473356988941e-07,0.0019946261337406034,0.017429216195524722,0.009153257989897037,0.009507729066783191,0.0026907651400368887,0.004200508968125691,-0.0019806684093276817,0.017429216195524722,False
244,-0.010633603513354786,4.1262102632594515e-08,0.004073836123725326,0.005285916815020021,0.004978989736403544,2.730473356988941e-07,0.0019946261337406034,0.017429216195524722,0.009153257989897037,0.009507729066783191,0.0026907651400368887,0.004200508968125691,-0.0019806684093276817,0.017429216195524722,False
245,-0.0006598344461822055,2.057957811320711e-07,0.007967524000207539,0.008159252054853856,0.005484591779167241,2.5327877221563187e-07,0.0016694375611358198,-0.013587629164497553,-0.0012319157970348377,-0.0006304069276494443,0.007851558520142026,0.006690931053631271,-0.002741772466450218,0.013587629164497553,False
246,0.008470355737644557,1.0599367011490835e-07,0.000888170621804949,-0.06287423884091597,-0.0012588574462212873,5.344654455359292e-09,-0.0012649461521340802,-0.016957502221070606,-0.002570568856170044,-0.006257374041688371,0.005745163485601262,0.012944339091402112,-0.0047310546921930765,0.06287423884091597,False
247,-0.0006598344461822055,2.057957811320711e-07,0.007967524000207539,0.008159252054853856,0.005484591779167241,2.5327877221563187e-07,0.0016694375611358198,-0.013587629164497553,-0.0012319157970348377,-0.0006304069276494443,0.007851558520142026,0.006690931053631271,-0.002741772466450218,0.013587629164497553,False
248,0.008470355737644557,1.0599367011490835e-07,0.000888170621804949,-0.06287423884091597,-0.0012588574462212873,5.344654455359292e-09,-0.0012649461521340802,-0.016957502221070606,-0.002570568856170044,-0.006257374041688371,0.005745163485601262,0.012944339091402112,-0.0047310546921930765,0.06287423884091597,False
249,-0.0006598344461822055,2.057957811320711e-07,0.007967524000207539,0.008159252054853856,0.005484591779167241,2.5327877221563187e-07,0.0016694375611358198,-0.013587629164497553,-0.0012319157970348377,-0.0006304069276494443,0.007851558520142026,0.006690931053631271,-0.002741772466450218,0.013587629164497553,False
250,-0.0006598344461822055,2.057957811320711e-07,0.007967524000207539,0.008159252054853856,0.005484591779167241,2.5327877221563187e-07,0.0016694375611358198,-0.013587629164497553,-0.0012319157970348377,-0.0006304069276494443,0.007851558520142026,0.006690931053631271,-0.002741772466450218,0.013587629164497553,False
251,0.11491524535377086,-4.459113640904536e-07,-0.04402513946481117,-0.057123855234471686,-0.05380695513558877,-2.9507684328858944e-06,-0.021555529248384653,-0.18835408456946995,-0.0989174447189384,-0.10274814338285125,-0.02907856549930366,-0.045394067784890677,0.021404690887383403,0.18835408456946995,True
252,-0.0006598344461822055,2.057957811320711e-07,0.007967524000207539,0.008159252054853856,0.005484591779167241,2.5327877221563187e-07,0.0016694375611358198,-0.013587629164497553,-0.0012319157970348377,-0.0006304069276494443,0.007851558520142026,0.006690931053631271,-0.002741772466450218,0.013587629164497553,False
253,-0.0006598344461822055,2.057957811320711e-07,0.007967524000207539,0.008159252054853856,0.005484591779167241,2.5327877221563187e-07,0.0016694375611358198,-0.013587629164497553,-0.0012319157970348377,-0.0006304069276494443,0.007851558520142026,0.006690931053631271,-0.002741772466450218,0.013587629164497553,False
254,-0.010633603513354786,4.1262102632594515e-08,0.004073836123725326,0.005285916815020021,0.004978989736403544,2.730473356988941e-07,0.0019946261337406034,0.017429216195524722,0.009153257989897037,0.009507729066783191,0.0026907651400368887,0.004200508968125691,-0.0019806684093276817,0.017429216195524722,False
255,-0.0006598344461822055,2.057957811320711e-07,0.007967524000207539,0.008159252054853856,0.005484591779167241,2.5327877221563187e-07,0.0016694375611358198,-0.013587629164497553,-0.0012319157970348377,-0.0006304069276494443,0.007851558520142026,0.006690931053631271,-0.002741772466450218,0.013587629164497553,False
256,-0.010633603513354786,4.1262102632594515e-08,0.004073836123725326,0.005285916815020021,0.004978989736403544,2.730473356988941e-07,0.0019946261337406034,0.017429216195524722,0.009153257989897037,0.009507729066783191,0.0026907651400368887,0.004200508968125691,-0.0019806684093276817,0.017429216195524722,False
257,-0.010633603513354786,4.1262102632594515e-08,0.004073836123725326,0.005285916815020021,0.004978989736403544,2.730473356988941e-07,0.0019946261337406034,0.017429216195524722,0.009153257989897037,0.009507729066783191,0.0026907651400368887,0.004200508968125691,-0.0019806684093276817,0.017429216195524722,False
258,-0.010633603513354786,4.1262102632594515e-08,0.004073836123725326,0.005285916815020021,0.004978989736403544,2.730473356988941e-07,0.0019946261337406034,0.017429216195524722,0.009153257989897037,0.009507729066783191,0.0026907651400368887,0.004200508968125691,-0.0019806684093276817,0.017429216195524722,False
259,-0.0006598344461822055,2.057957811320711e-07,0.007967524000207539,0.008159252054853856,0.005484591779167241,2.5327877221563187e-07,0.0016694375611358198,-0.013587629164497553,-0.0012319157970348377,-0.0006304069276494443,0.007851558520142026,0.006690931053631271,-0.002741772466450218,0.013587629164497553,False
260,0.38076888502502626,-1.9075486053874529e-07,-0.1786215381293107,-0.023601935987957675,-0.07815684870973402,-1.8473015643128409e-06,-0.13839883036255543,0.011519996321193708,0.023316417434578317,0.43166574673517066,-0.07556294345543407,-0.12434500491158058,-0.41947030128848173,0.43166574673517066,True
261,-0.0006598344461822055,2.057957811320711e-07,0.007967524000207539,0.008159252054853856,0.005484591779167241,2.5327877221563187e-07,0.0016694375611358198,-0.013587629164497553,-0.0012319157970348377,-0.0006304069276494443,0.007851558520142026,0.006690931053631271,-0.002741772466450218,0.013587629164497553,False
262,-0.010633603513354786,4.1262102632594515e-08,0.004073836123725326,0.005285916815020021,0.004978989736403544,2.730473356988941e-07,0.0019946261337406034,0.017429216195524722,0.009153257989897037,0.009507729066783191,0.0026907651400368887,0.004200508968125691,-0.0019806684093276817,0.017429216195524722,False
263,-0.018120161046615266,-3.578858706046287e-08,6.524497962590294e-05,-0.014453965489292795,0.002839492263320321,8.202412240623127e-08,0.005692682712843667,0.007931428443931719,0.0036006515489976545,0.0031603220223817004,0.0031010716852018063,0.004740700807525834,0.017131145422362378,0.018120161046615266,False
264,-0.010633603513354786,4.1262102632594515e-08,0.004073836123725326,0.005285916815020021,0.004978989736403544,2.730473356988941e-07,0.0019946261337406034,0.017429216195524722,0.009153257989897037,0.009507729066783191,0.0026907651400368887,0.004200508968125691,-0.0019806684093276817,0.017429216195524722,False
265,-0.0006598344461822055,2.057957811320711e-07,0.007967524000207539,0.008159252054853856,0.005484591779167241,2.5327877221563187e-07,0.0016694375611358198,-0.013587629164497553,-0.0012319157970348377,-0.0006304069276494443,0.007851558520142026,0.006690931053631271,-0.002741772466450218,0.013587629164497553,False
266,-0.0006598344461822055,2.057957811320711e-07,0.007967524000207539,0.008159252054853856,0.005484591779167241,2.5327877221563187e-07,0.0016694375611358198,-0.013587629164497553,-0.0012319157970348377,-0.0006304069276494443,0.007851558520142026,0.006690931053631271,-0.002741772466450218,0.013587629164497553,False
267,-0.0028689816722590428,1.7402079556885835e-07,0.0337081192641678,0.013657375284362642,0.012828879215274626,2.8387575360095783e-07,0.0015289278577344065,-0.004700444261513025,-0.1239255528353154,-0.004752070360017558,0.027785899739168517,0.0026605985381506917,-0.004164407931987477,0.1239255528353154,True
268,-0.0651818764406759,-5.113395607586358e-07,-0.04695004376293519,-0.02792935649541886,-0.012488628329841028,-2.2646983187271436e-07,0.018482021976253513,0.047471187009890406,-0.03635179145756714,0.021153877110633542,0.2846207653566838,-0.009023192472682663,0.07219660194098726,0.2846207653566838,True
269,-0.010633603513354786,4.1262102632594515e-08,0.004073836123725326,0.005285916815020021,0.004978989736403544,2.730473356988941e-07,0.0019946261337406034,0.017429216195524722,0.009153257989897037,0.009507729066783191,0.0026907651400368887,0.004200508968125691,-0.0019806684093276817,0.017429216195524722,False
270,0.004869166421937083,-1.5186444312849473e-06,-0.05879535473217102,-0.06021018812140783,-0.04047286449452642,-1.8690392721953416e-06,-0.012319407335030832,0.10026822343742127,0.009090769765480691,0.004652009700353794,-0.0579396018612715,-0.04937489548528527,0.020232569711197728,0.10026822343742127,True
271,0.005430453646786196,-1.8862994037461796e-07,-0.007477249800147608,-0.002362858709010186,-0.23568249062271368,3.721991643447995e-07,-0.01072221451761056,0.08319088338331765,0.04610566971551176,0.031357924779991164,-0.0020938090142496885,0.01998786191086149,-0.04885936260025858,0.23568249062271368,True
272,-0.016631295781393957,5.230113683311745e-08,0.003188322267415278,0.0029343953534759722,0.004583567592525819,1.2484898677876306e-07,0.006462550074858702,-0.004465829151259728,-0.0006120565651607598,4.796070009234858e-05,0.00576366228897472,0.004290018655115756,0.01826830329302037,0.01826830329302037,False
273,0.004032411954490045,-3.9470098162323495e-07,-0.009127761406072517,-0.10504464630722145,0.0001990593737028735,-1.733932628279572e-07,-0.008064958682256304,0.06275250541400235,0.021019957077618074,0.028865212252090027,-0.011156682127355792,-0.10058407349216146,-0.021682613101012126,0.10504464630722145,True
274,-0.03432396217310929,-6.73226510213385e-07,0.28178817280422896,-0.012003438767546611,-0.0005977621879682578,-4.021344614014392e-07,0.004430507769988347,0.0753153182825217,-0.040083461059881205,-0.07133866898402756,-0.0532472485726337,-0.03175706160754948,0.029460643669214165,0.28178817280422896,True
275,-0.0006598344461822055,2.057957811320711e-07,0.007967524000207539,0.008159252054853856,0.005484591779167241,2.5327877221563187e-07,0.0016694375611358198,-0.013587629164497553,-0.0012319157970348377,-0.0006304069276494443,0.007851558520142026,0.006690931053631271,-0.002741772466450218,0.013587629164497553,False
276,-0.0006598344461822055,2.057957811320711e-07,0.007967524000207539,0.008159252054853856,0.005484591779167241,2.5327877221563187e-07,0.0016694375611358198,-0.013587629164497553,-0.0012319157970348377,-0.0006304069276494443,0.007851558520142026,0.006690931053631271,-0.002741772466450218,0.013587629164497553,False
277,0.02162557601235759,2.5603138203684597e-07,0.013493331255079049,0.025894319689571267,0.011841437878080773,1.0626246774320696e-07,-0.004647725924367532,-0.029834555085849618,-0.010780628497724883,0.005309152724792237,0.00696831689804708,-0.10655584285445147,-0.019960431500706453,0.10655584285445147,True
278,-0.0146996334531705,2.7656251748605797e-09,0.0016958553651570609,0.001862288821935893,0.003505649593018895,1.1569182388299461e-07,0.004714666358724029,0.005517565160473445,0.0027617679680210644,0.003193936647521272,0.003059361934070283,0.002783931714133929,0.012590998139497761,0.0146996334531705,False
279,-0.010633603513354786,4.1262102632594515e-08,0.004073836123725326,0.005285916815020021,0.004978989736403544,2.730473356988941e-07,0.0019946261337406034,0.017429216195524722,0.009153257989897037,0.009507729066783191,0.0026907651400368887,0.004200508968125691,-0.0019806684093276817,0.017429216195524722,False
280,-0.010633603513354786,4.1262102632594515e-08,0.004073836123725326,0.005285916815020021,0.004978989736403544,2.730473356988941e-07,0.0019946261337406034,0.017429216195524722,0.009153257989897037,0.009507729066783191,0.0026907651400368887,0.004200508968125691,-0.0019806684093276817,0.017429216195524722,False
281,-0.016631295781393957,5.230113683311745e-08,0.003188322267415278,0.0029343953534759722,0.004583567592525819,1.2484898677876306e-07,0.006462550074858702,-0.004465829151259728,-0.0006120565651607598,4.796070009234858e-05,0.00576366228897472,0.004290018655115756,0.01826830329302037,0.01826830329302037,False
282,-0.016631295781393957,5.230113683311745e-08,0.003188322267415278,0.0029343953534759722,0.004583567592525819,1.2484898677876306e-07,0.006462550074858702,-0.004465829151259728,-0.0006120565651607598,4.796070009234858e-05,0.00576366228897472,0.004290018655115756,0.01826830329302037,0.01826830329302037,False
283,0.007540890199362081,1.479062110374935e-07,-0.06190816957199398,0.002637126020134973,0.0001313268847595438,8.834795363990924e-08,-0.0009733716769760736,-0.01654659047327156,0.00880623796106428,0.01567293038793303,0.011698289751028358,0.006976948448699862,-0.006472431067009037,0.06190816957199398,False
284,-0.010633603513354786,4.1262102632594515e-08,0.004073836123725326,0.005285916815020021,0.004978989736403544,2.730473356988941e-07,0.0019946261337406034,0.017429216195524722,0.009153257989897037,0.009507729066783191,0.0026907651400368887,0.004200508968125691,-0.0019806684093276817,0.017429216195524722,False
285,-0.010633603513354786,4.1262102632594515e-08,0.004073836123725326,0.005285916815020021,0.004978989736403544,2.730473356988941e-07,0.0019946261337406034,0.017429216195524722,0.009153257989897037,0.009507729066783191,0.0026907651400368887,0.004200508968125691,-0.0019806684093276817,0.017429216195524722,False
286,0.008470355737644557,1.0599367011490835e-07,0.000888170621804949,-0.06287423884091597,-0.0012588574462212873,5.344654455359292e-09,-0.0012649461521340802,-0.016957502221070606,-0.002570568856170044,-0.006257374041688371,0.005745163485601262,0.012944339091402112,-0.0047310546921930765,0.06287423884091597,False
287,-0.0006598344461822055,2.057957811320711e-07,0.007967524000207539,0.008159252054853856,0.005484591779167241,2.5327877221563187e-07,0.0016694375611358198,-0.013587629164497553,-0.0012319157970348377,-0.0006304069276494443,0.007851558520142026,0.006690931053631271,-0.002741772466450218,0.013587629164497553,False
288,0.0011895290667602505,2.2103538331221026e-07,0.06741541026625303,0.007096199711309003,0.005286094798995409,3.533189826613984e-07,4.384000037894762e-05,-0.00448338845590375,-0.007528574844606835,-0.17881064470899796,0.0003465056442067352,0.030729463510042798,-0.011631267877096693,0.17881064470899796,True
289,-0.0006598344461822055,2.057957811320711e-07,0.007967524000207539,0.008159252054853856,0.005484591779167241,2.5327877221563187e-07,0.0016694375611358198,-0.013587629164497553,-0.0012319157970348377,-0.0006304069276494443,0.007851558520142026,0.006690931053631271,-0.002741772466450218,0.013587629164497553,False
290,-0.0006598344461822055,2.057957811320711e-07,0.007967524000207539,0.008159252054853856,0.005484591779167241,2.5327877221563187e-07,0.0016694375611358198,-0.013587629164497553,-0.0012319157970348377,-0.0006304069276494443,0.007851558520142026,0.006690931053631271,-0.002741772466450218,0.013587629164497553,False
291,-0.009285113127758461,-7.131680156407912e-08,0.006113439625111529,0.018073075512254413,0.011559672303975648,3.125416169007719e-07,-0.0014484326227048427,0.04549467989030085,0.017046968168587074,0.028887641501065126,-0.0020181758254636845,-0.08100489943029032,-0.01499808971193292,0.08100489943029032,False
292,,,,,,,,,,,,,,,False
293,-0.0006598344461822055,2.057957811320711e-07,0.007967524000207539,0.008159252054853856,0.005484591779167241,2.5327877221563187e-07,0.0016694375611358198,-0.013587629164497553,-0.0012319157970348377,-0.0006304069276494443,0.007851558520142026,0.006690931053631271,-0.002741772466450218,0.013587629164497553,False
294,0.0009134423801102322,-3.986819228077275e-07,-0.11931232236817947,0.009908902162263316,0.00293514068526522,-5.335895282592172e-08,-0.008301985995997052,0.07566662141601324,0.04407064143643437,0.07210004288611668,-0.0036677586723714134,-0.12706615646471406,-0.026375591077691853,0.12706615646471406,True
295,-0.0006598344461822055,2.057957811320711e-07,0.007967524000207539,0.008159252054853856,0.005484591779167241,2.5327877221563187e-07,0.0016694375611358198,-0.013587629164497553,-0.0012319157970348377,-0.0006304069276494443,0.007851558520142026,0.006690931053631271,-0.002741772466450218,0.013587629164497553,False
296,0.004869166421937083,-1.5186444312849473e-06,-0.05879535473217102,-0.06021018812140783,-0.04047286449452642,-1.8690392721953416e-06,-0.012319407335030832,0.10026822343742127,0.009090769765480691,0.004652009700353794,-0.0579396018612715,-0.04937489548528527,0.020232569711197728,0.10026822343742127,True
297,-0.0651818764406759,-5.113395607586358e-07,-0.04695004376293519,-0.02792935649541886,-0.012488628329841028,-2.2646983187271436e-07,0.018482021976253513,0.047471187009890406,-0.03635179145756714,0.021153877110633542,0.2846207653566838,-0.009023192472682663,0.07219660194098726,0.2846207653566838,True
298,-0.010633603513354786,4.1262102632594515e-08,0.004073836123725326,0.005285916815020021,0.004978989736403544,2.730473356988941e-07,0.0019946261337406034,0.017429216195524722,0.009153257989897037,0.009507729066783191,0.0026907651400368887,0.004200508968125691,-0.0019806684093276817,0.017429216195524722,False
299,-0.0006598344461822055,2.057957811320711e-07,0.007967524000207539,0.008159252054853856,0.005484591779167241,2.5327877221563187e-07,0.0016694375611358198,-0.013587629164497553,-0.0012319157970348377,-0.0006304069276494443,0.007851558520142026,0.006690931053631271,-0.002741772466450218,0.013587629164497553,False
300,-0.0006598344461822055,2.057957811320711e-07,0.007967524000207539,0.008159252054853856,0.005484591779167241,2.5327877221563187e-07,0.0016694375611358198,-0.013587629164497553,-0.0012319157970348377,-0.0006304069276494443,0.007851558520142026,0.006690931053631271,-0.002741772466450218,0.013587629164497553,False
301,-0.016631295781393957,5.230113683311745e-08,0.003188322267415278,0.0029343953534759722,0.004583567592525819,1.2484898677876306e-07,0.006462550074858702,-0.004465829151259728,-0.0006120565651607598,4.796070009234858e-05,0.00576366228897472,0.004290018655115756,0.01826830329302037,0.01826830329302037,False
302,0.410719015345472,-2.9998175085093206e-07,-0.14298797150483109,-0.05867434524434954,-0.1169656442958473,-2.1083398198165617e-06,-0.14992788108831315,0.0185286700294791,0.47855130737009455,0.01196800076006723,-0.1840012356587205,-0.06136464740372155,-0.45079627596233424,0.47855130737009455,True
303,-0.0006598344461822055,2.057957811320711e-07,0.007967524000207539,0.008159252054853856,0.005484591779167241,2.5327877221563187e-07,0.0016694375611358198,-0.013587629164497553,-0.0012319157970348377,-0.0006304069276494443,0.007851558520142026,0.006690931053631271,-0.002741772466450218,0.013587629164497553,False
304,-0.0006598344461822055,2.057957811320711e-07,0.007967524000207539,0.008159252054853856,0.005484591779167241,2.5327877221563187e-07,0.0016694375611358198,-0.013587629164497553,-0.0012319157970348377,-0.0006304069276494443,0.007851558520142026,0.006690931053631271,-0.002741772466450218,0.013587629164497553,False
305,0.004869166421937083,-1.5186444312849473e-06,-0.05879535473217102,-0.06021018812140783,-0.04047286449452642,-1.8690392721953416e-06,-0.012319407335030832,0.10026822343742127,0.009090769765480691,0.004652009700353794,-0.0579396018612715,-0.04937489548528527,0.020232569711197728,0.10026822343742127,True
306,0.07348748755293788,4.591876237078405e-07,0.0012801466286068537,0.00046186092746808565,-0.2954471979857902,-1.5713192241898555e-07,-0.018435648922533555,-0.07631044658216225,-0.00954207615291555,-0.027105169545422414,0.016419377106232154,0.02808379813946635,-0.059554801901095654,0.2954471979857902,True
307,-0.0006598344461822055,2.057957811320711e-07,0.007967524000207539,0.008159252054853856,0.005484591779167241,2.5327877221563187e-07,0.0016694375611358198,-0.013587629164497553,-0.0012319157970348377,-0.0006304069276494443,0.007851558520142026,0.006690931053631271,-0.002741772466450218,0.013587629164497553,False
308,-0.010633603513354786,4.1262102632594515e-08,0.004073836123725326,0.005285916815020021,0.004978989736403544,2.730473356988941e-07,0.0019946261337406034,0.017429216195524722,0.009153257989897037,0.009507729066783191,0.0026907651400368887,0.004200508968125691,-0.0019806684093276817,0.017429216195524722,False
309,-0.010633603513354786,4.1262102632594515e-08,0.004073836123725326,0.005285916815020021,0.004978989736403544,2.730473356988941e-07,0.0019946261337406034,0.017429216195524722,0.009153257989897037,0.009507729066783191,0.0026907651400368887,0.004200508968125691,-0.0019806684093276817,0.017429216195524722,False
310,-0.018120161046615266,-3.578858706046287e-08,6.524497962590294e-05,-0.014453965489292795,0.002839492263320321,8.202412240623127e-08,0.005692682712843667,0.007931428443931719,0.0036006515489976545,0.0031603220223817004,0.0031010716852018063,0.004740700807525834,0.017131145422362378,0.018120161046615266,False
311,-0.016631295781393957,5.230113683311745e-08,0.003188322267415278,0.0029343953534759722,0.004583567592525819,1.2484898677876306e-07,0.006462550074858702,-0.004465829151259728,-0.0006120565651607598,4.796070009234858e-05,0.00576366228897472,0.004290018655115756,0.01826830329302037,0.01826830329302037,False
312,0.004869166421937083,-1.5186444312849473e-06,-0.05879535473217102,-0.06021018812140783,-0.04047286449452642,-1.8690392721953416e-06,-0.012319407335030832,0.10026822343742127,0.009090769765480691,0.004652009700353794,-0.0579396018612715,-0.04937489548528527,0.020232569711197728,0.10026822343742127,True
313,-0.0006598344461822055,2.057957811320711e-07,0.007967524000207539,0.008159252054853856,0.005484591779167241,2.5327877221563187e-07,0.0016694375611358198,-0.013587629164497553,-0.0012319157970348377,-0.0006304069276494443,0.007851558520142026,0.006690931053631271,-0.002741772466450218,0.013587629164497553,False
314,0.008470355737644557,1.0599367011490835e-07,0.000888170621804949,-0.06287423884091597,-0.0012588574462212873,5.344654455359292e-09,-0.0012649461521340802,-0.016957502221070606,-0.002570568856170044,-0.006257374041688371,0.005745163485601262,0.012944339091402112,-0.0047310546921930765,0.06287423884091597,False
315,0.007540890199362081,1.479062110374935e-07,-0.06190816957199398,0.002637126020134973,0.0001313268847595438,8.834795363990924e-08,-0.0009733716769760736,-0.01654659047327156,0.00880623796106428,0.01567293038793303,0.011698289751028358,0.006976948448699862,-0.006472431067009037,0.06190816957199398,False
316,-0.016631295781393957,5.230113683311745e-08,0.003188322267415278,0.0029343953534759722,0.004583567592525819,1.2484898677876306e-07,0.006462550074858702,-0.004465829151259728,-0.0006120565651607598,4.796070009234858e-05,0.00576366228897472,0.004290018655115756,0.01826830329302037,0.01826830329302037,False
317,0.02768070053946769,2.1714988932889898e-07,0.019938212470755258,0.011860722575444004,0.0053035291376072775,9.6174641474117e-08,-0.007848735624451582,-0.02015952567842674,0.015437466798396167,-0.008983388781098965,-0.12086952084484616,0.003831867113761756,-0.03065963466262705,0.12086952084484616,True
318,-0.010633603513354786,4.1262102632594515e-08,0.004073836123725326,0.005285916815020021,0.004978989736403544,2.730473356988941e-07,0.0019946261337406034,0.017429216195524722,0.009153257989897037,0.009507729066783191,0.0026907651400368887,0.004200508968125691,-0.0019806684093276817,0.017429216195524722,False
319,-0.010633603513354786,4.1262102632594515e-08,0.004073836123725326,0.005285916815020021,0.004978989736403544,2.730473356988941e-07,0.0019946261337406034,0.017429216195524722,0.009153257989897037,0.009507729066783191,0.0026907651400368887,0.004200508968125691,-0.0019806684093276817,0.017429216195524722,False
320,0.0011895290667602505,2.2103538331221026e-07,0.06741541026625303,0.007096199711309003,0.005286094798995409,3.533189826613984e-07,4.384000037894762e-05,-0.00448338845590375,-0.007528574844606835,-0.17881064470899796,0.0003465056442067352,0.030729463510042798,-0.011631267877096693,0.17881064470899796,True
321,0.004869166421937083,-1.5186444312849473e-06,-0.05879535473217102,-0.06021018812140783,-0.04047286449452642,-1.8690392721953416e-06,-0.012319407335030832,0.10026822343742127,0.009090769765480691,0.004652009700353794,-0.0579396018612715,-0.04937489548528527,0.020232569711197728,0.10026822343742127,True
322,-0.010633603513354786,4.1262102632594515e-08,0.004073836123725326,0.005285916815020021,0.004978989736403544,2.730473356988941e-07,0.0019946261337406034,0.017429216195524722,0.009153257989897037,0.009507729066783191,0.0026907651400368887,0.004200508968125691,-0.0019806684093276817,0.017429216195524722,False
323,0.007540890199362081,1.479062110374935e-07,-0.06190816957199398,0.002637126020134973,0.0001313268847595438,8.834795363990924e-08,-0.0009733716769760736,-0.01654659047327156,0.00880623796106428,0.01567293038793303,0.011698289751028358,0.006976948448699862,-0.006472431067009037,0.06190816957199398,False
324,-0.007779037298447177,-6.698829876166359e-08,-0.0015239737739081085,-0.04575660140192347,0.000573566024509253,1.3073012591407506e-07,0.00019538271213948344,0.02474437851680934,0.01182131575240355,0.00907979640659881,0.0001848261174038984,0.00852479358264992,-0.0034358704870464836,0.04575660140192347,False
325,-0.044147680588557045,-2.2310544365171652e-07,-6.004718919208005e-05,-0.047102141263402286,0.005354993818295607,4.470627827876307e-08,0.01280120223015469,0.029463291010726794,0.017660235605973334,0.006892075512537148,-0.041908200557123056,0.009437161016456119,0.04327507894369924,0.047102141263402286,False
326,-0.0006598344461822055,2.057957811320711e-07,0.007967524000207539,0.008159252054853856,0.005484591779167241,2.5327877221563187e-07,0.0016694375611358198,-0.013587629164497553,-0.0012319157970348377,-0.0006304069276494443,0.007851558520142026,0.006690931053631271,-0.002741772466450218,0.013587629164497553,False
327,-0.010633603513354786,4.1262102632594515e-08,0.004073836123725326,0.005285916815020021,0.004978989736403544,2.730473356988941e-07,0.0019946261337406034,0.017429216195524722,0.009153257989897037,0.009507729066783191,0.0026907651400368887,0.004200508968125691,-0.0019806684093276817,0.017429216195524722,False
328,-0.0006598344461822055,2.057957811320711e-07,0.007967524000207539,0.008159252054853856,0.005484591779167241,2.5327877221563187e-07,0.0016694375611358198,-0.013587629164497553,-0.0012319157970348377,-0.0006304069276494443,0.007851558520142026,0.006690931053631271,-0.002741772466450218,0.013587629164497553,False
329,-0.019776786795059603,1.4703341746125273e-08,0.0010992342972505607,-0.020590427482568584,0.003422100038705843,5.96616620143347e-08,0.0077242479713841815,-0.005684668551833016,-0.0011449809905249783,-0.0017359654302279096,0.0063160106615387955,0.007209272999510222,0.02480808993083564,0.02480808993083564,False
330,-0.051389451262132166,-1.0836453580792869e-07,-0.05864712724595975,-0.0015902032043404906,0.007841431647634114,-4.555993793366467e-08,0.01931622436992967,-0.007605878796236125,0.018576998928440305,0.01231041001748376,-0.056148235965360935,0.008710668876570491,0.06857204688594948,0.06857204688594948,False
331,-0.010633603513354786,4.1262102632594515e-08,0.004073836123725326,0.005285916815020021,0.004978989736403544,2.730473356988941e-07,0.0019946261337406034,0.017429216195524722,0.009153257989897037,0.009507729066783191,0.0026907651400368887,0.004200508968125691,-0.0019806684093276817,0.017429216195524722,False
332,-0.010633603513354786,4.1262102632594515e-08,0.004073836123725326,0.005285916815020021,0.004978989736403544,2.730473356988941e-07,0.0019946261337406034,0.017429216195524722,0.009153257989897037,0.009507729066783191,0.0026907651400368887,0.004200508968125691,-0.0019806684093276817,0.017429216195524722,False
333,-0.018120161046615266,-3.578858706046287e-08,6.524497962590294e-05,-0.014453965489292795,0.002839492263320321,8.202412240623127e-08,0.005692682712843667,0.007931428443931719,0.0036006515489976545,0.0031603220223817004,0.0031010716852018063,0.004740700807525834,0.017131145422362378,0.018120161046615266,False
334,-0.03432396217310929,-6.73226510213385e-07,0.28178817280422896,-0.012003438767546611,-0.0005977621879682578,-4.021344614014392e-07,0.004430507769988347,0.0753153182825217,-0.040083461059881205,-0.07133866898402756,-0.0532472485726337,-0.03175706160754948,0.029460643669214165,0.28178817280422896,True
335,-0.010633603513354786,4.1262102632594515e-08,0.004073836123725326,0.005285916815020021,0.004978989736403544,2.730473356988941e-07,0.0019946261337406034,0.017429216195524722,0.009153257989897037,0.009507729066783191,0.0026907651400368887,0.004200508968125691,-0.0019806684093276817,0.017429216195524722,False
336,-0.010633603513354786,4.1262102632594515e-08,0.004073836123725326,0.005285916815020021,0.004978989736403544,2.730473356988941e-07,0.0019946261337406034,0.017429216195524722,0.009153257989897037,0.009507729066783191,0.0026907651400368887,0.004200508968125691,-0.0019806684093276817,0.017429216195524722,False
337,0.008470355737644557,1.0599367011490835e-07,0.000888170621804949,-0.06287423884091597,-0.0012588574462212873,5.344654455359292e-09,-0.0012649461521340802,-0.016957502221070606,-0.002570568856170044,-0.006257374041688371,0.005745163485601262,0.012944339091402112,-0.0047310546921930765,0.06287423884091597,False
338,-0.010633603513354786,4.1262102632594515e-08,0.004073836123725326,0.005285916815020021,0.004978989736403544,2.730473356988941e-07,0.0019946261337406034,0.017429216195524722,0.009153257989897037,0.009507729066783191,0.0026907651400368887,0.004200508968125691,-0.0019806684093276817,0.017429216195524722,False
339,-0.0006598344461822055,2.057957811320711e-07,0.007967524000207539,0.008159252054853856,0.005484591779167241,2.5327877221563187e-07,0.0016694375611358198,-0.013587629164497553,-0.0012319157970348377,-0.0006304069276494443,0.007851558520142026,0.006690931053631271,-0.002741772466450218,0.013587629164497553,False
340,0.11491524535377086,-4.459113640904536e-07,-0.04402513946481117,-0.057123855234471686,-0.05380695513558877,-2.9507684328858944e-06,-0.021555529248384653,-0.18835408456946995,-0.0989174447189384,-0.10274814338285125,-0.02907856549930366,-0.045394067784890677,0.021404690887383403,0.18835408456946995,True
341,-0.0006598344461822055,2.057957811320711e-07,0.007967524000207539,0.008159252054853856,0.005484591779167241,2.5327877221563187e-07,0.0016694375611358198,-0.013587629164497553,-0.0012319157970348377,-0.0006304069276494443,0.007851558520142026,0.006690931053631271,-0.002741772466450218,0.013587629164497553,False
342,-0.007779037298447177,-6.698829876166359e-08,-0.0015239737739081085,-0.04575660140192347,0.000573566024509253,1.3073012591407506e-07,0.00019538271213948344,0.02474437851680934,0.01182131575240355,0.00907979640659881,0.0001848261174038984,0.00852479358264992,-0.0034358704870464836,0.04575660140192347,False
343,-0.010633603513354786,4.1262102632594515e-08,0.004073836123725326,0.005285916815020021,0.004978989736403544,2.730473356988941e-07,0.0019946261337406034,0.017429216195524722,0.009153257989897037,0.009507729066783191,0.0026907651400368887,0.004200508968125691,-0.0019806684093276817,0.017429216195524722,False
344,-0.0006598344461822055,2.057957811320711e-07,0.007967524000207539,0.008159252054853856,0.005484591779167241,2.5327877221563187e-07,0.0016694375611358198,-0.013587629164497553,-0.0012319157970348377,-0.0006304069276494443,0.007851558520142026,0.006690931053631271,-0.002741772466450218,0.013587629164497553,False
345,0.025012515346789194,-1.632095127854294e-07,-0.11209376613925354,-0.017546970038986837,-0.01559088037175505,-3.4770931193414814e-07,-0.009627129337074674,0.005841560519263335,0.019136272637525546,-0.1953587961107617,-0.0005516962853626732,0.03234401635323234,-0.02184679853911878,0.1953587961107617,True
346,-0.010466601098675773,-5.7310125615403766e-08,-0.047299256921687904,0.0011102788353431652,0.0017920326942713883,2.0987257513722753e-07,0.0005625045284369481,0.030449727740181117,0.02208619274566044,0.026942898088268438,0.0039461853483307285,0.004185386448883651,-0.004737236801373792,0.047299256921687904,False
347,-0.0028689816722590428,1.7402079556885835e-07,0.0337081192641678,0.013657375284362642,0.012828879215274626,2.8387575360095783e-07,0.0015289278577344065,-0.004700444261513025,-0.1239255528353154,-0.004752070360017558,0.027785899739168517,0.0026605985381506917,-0.004164407931987477,0.1239255528353154,True
348,0.06976828076026038,3.820178964159778e-07,0.31528743720647995,-0.007400897844114585,-0.011945333443663046,-1.3989688350600741e-06,-0.003749543285247788,-0.2029718276279036,-0.14722216714645023,-0.17959599879613466,-0.026304486501276654,-0.02789895345231494,0.03157747812017986,0.31528743720647995,True
349,-0.019776786795059603,1.4703341746125273e-08,0.0010992342972505607,-0.020590427482568584,0.003422100038705843,5.96616620143347e-08,0.0077242479713841815,-0.005684668551833016,-0.0011449809905249783,-0.0017359654302279096,0.0063160106615387955,0.007209272999510222,0.02480808993083564,0.02480808993083564,False
350,0.004869166421937083,-1.5186444312849473e-06,-0.05879535473217102,-0.06021018812140783,-0.04047286449452642,-1.8690392721953416e-06,-0.012319407335030832,0.10026822343742127,0.009090769765480691,0.004652009700353794,-0.0579396018612715,-0.04937489548528527,0.020232569711197728,0.10026822343742127,True
351,-0.010633603513354786,4.1262102632594515e-08,0.004073836123725326,0.005285916815020021,0.004978989736403544,2.730473356988941e-07,0.0019946261337406034,0.017429216195524722,0.009153257989897037,0.009507729066783191,0.0026907651400368887,0.004200508968125691,-0.0019806684093276817,0.017429216195524722,False
352,-0.03832494871969714,3.681534138467806e-08,0.009190038290771566,0.005228880688644192,0.01025954483887546,1.6066036380809381e-07,0.014609963545203684,-0.007612256717568983,0.0051553145525276315,-0.0026077031469890198,-0.03574381432857974,0.00766873020190886,0.04536318809836472,0.04536318809836472,False
353,0.02162557601235759,2.5603138203684597e-07,0.013493331255079049,0.025894319689571267,0.011841437878080773,1.0626246774320696e-07,-0.004647725924367532,-0.029834555085849618,-0.010780628497724883,0.005309152724792237,0.00696831689804708,-0.10655584285445147,-0.019960431500706453,0.10655584285445147,True
354,-0.010633603513354786,4.1262102632594515e-08,0.004073836123725326,0.005285916815020021,0.004978989736403544,2.730473356988941e-07,0.0019946261337406034,0.017429216195524722,0.009153257989897037,0.009507729066783191,0.0026907651400368887,0.004200508968125691,-0.0019806684093276817,0.017429216195524722,False
355,-0.0006598344461822055,2.057957811320711e-07,0.007967524000207539,0.008159252054853856,0.005484591779167241,2.5327877221563187e-07,0.0016694375611358198,-0.013587629164497553,-0.0012319157970348377,-0.0006304069276494443,0.007851558520142026,0.006690931053631271,-0.002741772466450218,0.013587629164497553,False
356,0.02768070053946769,2.1714988932889898e-07,0.019938212470755258,0.011860722575444004,0.0053035291376072775,9.6174641474117e-08,-0.007848735624451582,-0.02015952567842674,0.015437466798396167,-0.008983388781098965,-0.12086952084484616,0.003831867113761756,-0.03065963466262705,0.12086952084484616,True
357,0.004869166421937083,-1.5186444312849473e-06,-0.05879535473217102,-0.06021018812140783,-0.04047286449452642,-1.8690392721953416e-06,-0.012319407335030832,0.10026822343742127,0.009090769765480691,0.004652009700353794,-0.0579396018612715,-0.04937489548528527,0.020232569711197728,0.10026822343742127,True
358,-0.0006598344461822055,2.057957811320711e-07,0.007967524000207539,0.008159252054853856,0.005484591779167241,2.5327877221563187e-07,0.0016694375611358198,-0.013587629164497553,-0.0012319157970348377,-0.0006304069276494443,0.007851558520142026,0.006690931053631271,-0.002741772466450218,0.013587629164497553,False
359,-0.019776786795059603,1.4703341746125273e-08,0.0010992342972505607,-0.020590427482568584,0.003422100038705843,5.96616620143347e-08,0.0077242479713841815,-0.005684668551833016,-0.0011449809905249783,-0.0017359654302279096,0.0063160106615387955,0.007209272999510222,0.02480808993083564,0.02480808993083564,False
360,-0.0006598344461822055,2.057957811320711e-07,0.007967524000207539,0.008159252054853856,0.005484591779167241,2.5327877221563187e-07,0.0016694375611358198,-0.013587629164497553,-0.0012319157970348377,-0.0006304069276494443,0.007851558520142026,0.006690931053631271,-0.002741772466450218,0.013587629164497553,False
361,-0.010633603513354786,4.1262102632594515e-08,0.004073836123725326,0.005285916815020021,0.004978989736403544,2.730473356988941e-07,0.0019946261337406034,0.017429216195524722,0.009153257989897037,0.009507729066783191,0.0026907651400368887,0.004200508968125691,-0.0019806684093276817,0.017429216195524722,False
362,-0.057048695247462526,-6.754158261153443e-07,-0.03559567348422021,-0.06830972510357994,-0.031237946236084696,-2.8032248181789105e-07,0.012260792484854996,0.07870414364748825,0.028439510207329172,-0.014005649405399953,-0.018382557157195126,0.28109641113681477,0.05265601124524738,0.28109641113681477,True
363,-0.0006598344461822055,2.057957811320711e-07,0.007967524000207539,0.008159252054853856,0.005484591779167241,2.5327877221563187e-07,0.0016694375611358198,-0.013587629164497553,-0.0012319157970348377,-0.0006304069276494443,0.007851558520142026,0.006690931053631271,-0.002741772466450218,0.013587629164497553,False
364,-0.010633603513354786,4.1262102632594515e-08,0.004073836123725326,0.005285916815020021,0.004978989736403544,2.730473356988941e-07,0.0019946261337406034,0.017429216195524722,0.009153257989897037,0.009507729066783191,0.0026907651400368887,0.004200508968125691,-0.0019806684093276817,0.017429216195524722,False
365,-0.0006598344461822055,2.057957811320711e-07,0.007967524000207539,0.008159252054853856,0.005484591779167241,2.5327877221563187e-07,0.0016694375611358198,-0.013587629164497553,-0.0012319157970348377,-0.0006304069276494443,0.007851558520142026,0.006690931053631271,-0.002741772466450218,0.013587629164497553,False
366,-0.010633603513354786,4.1262102632594515e-08,0.004073836123725326,0.005285916815020021,0.004978989736403544,2.730473356988941e-07,0.0019946261337406034,0.017429216195524722,0.009153257989897037,0.009507729066783191,0.0026907651400368887,0.004200508968125691,-0.0019806684093276817,0.017429216195524722,False
367,-0.05869803794822835,-2.4497708047438347e-10,0.004659971942541344,-0.006500351532740043,0.1468771981348892,5.580842309329351e-07,0.017437276144940627,0.03521632132353935,0.012304853326141457,0.006775434733064611,0.0032435228075229053,0.10472144527351009,0.042378666610012085,0.1468771981348892,True
368,1.1482759356704614e-10,8.139512154948041e-16,8.37303233755586e-12,2.451477282361668e-12,-1.539492423875812e-11,-4.167902794595696e-05,-2.312524721869285e-11,-1.7315710306047658e-10,-6.35133774887733e-11,-6.44532598551827e-11,8.764815625652036e-12,-2.8466397525673654e-12,-5.7934848279386495e-11,4.167902794595696e-05,False
369,-0.0006598344461822055,2.057957811320711e-07,0.007967524000207539,0.008159252054853856,0.005484591779167241,2.5327877221563187e-07,0.0016694375611358198,-0.013587629164497553,-0.0012319157970348377,-0.0006304069276494443,0.007851558520142026,0.006690931053631271,-0.002741772466450218,0.013587629164497553,False
370,-0.0006598344461822055,2.057957811320711e-07,0.007967524000207539,0.008159252054853856,0.005484591779167241,2.5327877221563187e-07,0.0016694375611358198,-0.013587629164497553,-0.0012319157970348377,-0.0006304069276494443,0.007851558520142026,0.006690931053631271,-0.002741772466450218,0.013587629164497553,False
371,-0.016631295781393957,5.230113683311745e-08,0.003188322267415278,0.0029343953534759722,0.004583567592525819,1.2484898677876306e-07,0.006462550074858702,-0.004465829151259728,-0.0006120565651607598,4.796070009234858e-05,0.00576366228897472,0.004290018655115756,0.01826830329302037,0.01826830329302037,False
372,-0.010633603513354786,4.1262102632594515e-08,0.004073836123725326,0.005285916815020021,0.004978989736403544,2.730473356988941e-07,0.0019946261337406034,0.017429216195524722,0.009153257989897037,0.009507729066783191,0.0026907651400368887,0.004200508968125691,-0.0019806684093276817,0.017429216195524722,False
373,0.05620223326845551,-1.520858289174698e-07,0.10705281350812701,0.027718360180063715,0.006573579965496299,-5.297198174280573e-07,-0.020022950834300224,-0.002143157690458723,-0.031681483060130175,-0.3018697945468541,-0.02670089160449519,-0.230989658042296,-0.05200009406988128,0.3018697945468541,True
374,-0.0006598344461822055,2.057957811320711e-07,0.007967524000207539,0.008159252054853856,0.005484591779167241,2.5327877221563187e-07,0.0016694375611358198,-0.013587629164497553,-0.0012319157970348377,-0.0006304069276494443,0.007851558520142026,0.006690931053631271,-0.002741772466450218,0.013587629164497553,False
375,-0.0006598344461822055,2.057957811320711e-07,0.007967524000207539,0.008159252054853856,0.005484591779167241,2.5327877221563187e-07,0.0016694375611358198,-0.013587629164497553,-0.0012319157970348377,-0.0006304069276494443,0.007851558520142026,0.006690931053631271,-0.002741772466450218,0.013587629164497553,False
376,-0.010633603513354786,4.1262102632594515e-08,0.004073836123725326,0.005285916815020021,0.004978989736403544,2.730473356988941e-07,0.0019946261337406034,0.017429216195524722,0.009153257989897037,0.009507729066783191,0.0026907651400368887,0.004200508968125691,-0.0019806684093276817,0.017429216195524722,False
377,-0.0006598344461822055,2.057957811320711e-07,0.007967524000207539,0.008159252054853856,0.005484591779167241,2.5327877221563187e-07,0.0016694375611358198,-0.013587629164497553,-0.0012319157970348377,-0.0006304069276494443,0.007851558520142026,0.006690931053631271,-0.002741772466450218,0.013587629164497553,False
378,-0.0006598344461822055,2.057957811320711e-07,0.007967524000207539,0.008159252054853856,0.005484591779167241,2.5327877221563187e-07,0.0016694375611358198,-0.013587629164497553,-0.0012319157970348377,-0.0006304069276494443,0.007851558520142026,0.006690931053631271,-0.002741772466450218,0.013587629164497553,False
379,-0.007779037298447177,-6.698829876166359e-08,-0.0015239737739081085,-0.04575660140192347,0.000573566024509253,1.3073012591407506e-07,0.00019538271213948344,0.02474437851680934,0.01182131575240355,0.00907979640659881,0.0001848261174038984,0.00852479358264992,-0.0034358704870464836,0.04575660140192347,False
380,-0.0006598344461822055,2.057957811320711e-07,0.007967524000207539,0.008159252054853856,0.005484591779167241,2.5327877221563187e-07,0.0016694375611358198,-0.013587629164497553,-0.0012319157970348377,-0.0006304069276494443,0.007851558520142026,0.006690931053631271,-0.002741772466450218,0.013587629164497553,False
381,-0.010633603513354786,4.1262102632594515e-08,0.004073836123725326,0.005285916815020021,0.004978989736403544,2.730473356988941e-07,0.0019946261337406034,0.017429216195524722,0.009153257989897037,0.009507729066783191,0.0026907651400368887,0.004200508968125691,-0.0019806684093276817,0.017429216195524722,False
382,-0.019776786795059603,1.4703341746125273e-08,0.0010992342972505607,-0.020590427482568584,0.003422100038705843,5.96616620143347e-08,0.0077242479713841815,-0.005684668551833016,-0.0011449809905249783,-0.0017359654302279096,0.0063160106615387955,0.007209272999510222,0.02480808993083564,0.02480808993083564,False
383,-0.0146996334531705,2.7656251748605797e-09,0.0016958553651570609,0.001862288821935893,0.003505649593018895,1.1569182388299461e-07,0.004714666358724029,0.005517565160473445,0.0027617679680210644,0.003193936647521272,0.003059361934070283,0.002783931714133929,0.012590998139497761,0.0146996334531705,False
384,-0.016631295781393957,5.230113683311745e-08,0.003188322267415278,0.0029343953534759722,0.004583567592525819,1.2484898677876306e-07,0.006462550074858702,-0.004465829151259728,-0.0006120565651607598,4.796070009234858e-05,0.00576366228897472,0.004290018655115756,0.01826830329302037,0.01826830329302037,False
385,0.02162557601235759,2.5603138203684597e-07,0.013493331255079049,0.025894319689571267,0.011841437878080773,1.0626246774320696e-07,-0.004647725924367532,-0.029834555085849618,-0.010780628497724883,0.005309152724792237,0.00696831689804708,-0.10655584285445147,-0.019960431500706453,0.10655584285445147,True
386,0.024543404257873,4.323004864979253e-07,-0.03694345951867609,-0.026104596800793797,-0.024157854892300375,-1.1379473950779827e-06,0.012785344369138474,-0.20525982036111434,-0.13579145631154682,-0.0713539786046354,0.3429844288223632,-0.004743398611644312,0.08034433393410653,0.3429844288223632,True
387,0.008470355737644557,1.0599367011490835e-07,0.000888170621804949,-0.06287423884091597,-0.0012588574462212873,5.344654455359292e-09,-0.0012649461521340802,-0.016957502221070606,-0.002570568856170044,-0.006257374041688371,0.005745163485601262,0.012944339091402112,-0.0047310546921930765,0.06287423884091597,False
388,-0.0028689816722590428,1.7402079556885835e-07,0.0337081192641678,0.013657375284362642,0.012828879215274626,2.8387575360095783e-07,0.0015289278577344065,-0.004700444261513025,-0.1239255528353154,-0.004752070360017558,0.027785899739168517,0.0026605985381506917,-0.004164407931987477,0.1239255528353154,True
389,0.025012515346789194,-1.632095127854294e-07,-0.11209376613925354,-0.017546970038986837,-0.01559088037175505,-3.4770931193414814e-07,-0.009627129337074674,0.005841560519263335,0.019136272637525546,-0.1953587961107617,-0.0005516962853626732,0.03234401635323234,-0.02184679853911878,0.1953587961107617,True
390,-0.0006598344461822055,2.057957811320711e-07,0.007967524000207539,0.008159252054853856,0.005484591779167241,2.5327877221563187e-07,0.0016694375611358198,-0.013587629164497553,-0.0012319157970348377,-0.0006304069276494443,0.007851558520142026,0.006690931053631271,-0.002741772466450218,0.013587629164497553,False
391,0.007540890199362081,1.479062110374935e-07,-0.06190816957199398,0.002637126020134973,0.0001313268847595438,8.834795363990924e-08,-0.0009733716769760736,-0.01654659047327156,0.00880623796106428,0.01567293038793303,0.011698289751028358,0.006976948448699862,-0.006472431067009037,0.06190816957199398,False
392,0.015372454006297418,-1.2119628031295809e-07,0.02452899444212611,-0.13327373051374097,-0.0007219353391208088,-3.1295519096815955e-07,-0.005181190283752607,-0.003390581160254059,-0.16639714543806267,-0.01738659158494224,0.026938878726151357,0.011542135607412943,-0.007636798167347734,0.16639714543806267,True
393,-0.0006598344461822055,2.057957811320711e-07,0.007967524000207539,0.008159252054853856,0.005484591779167241,2.5327877221563187e-07,0.0016694375611358198,-0.013587629164497553,-0.0012319157970348377,-0.0006304069276494443,0.007851558520142026,0.006690931053631271,-0.002741772466450218,0.013587629164497553,False
394,-0.007779037298447177,-6.698829876166359e-08,-0.0015239737739081085,-0.04575660140192347,0.000573566024509253,1.3073012591407506e-07,0.00019538271213948344,0.02474437851680934,0.01182131575240355,0.00907979640659881,0.0001848261174038984,0.00852479358264992,-0.0034358704870464836,0.04575660140192347,False
395,0.004032411954490045,-3.9470098162323495e-07,-0.009127761406072517,-0.10504464630722145,0.0001990593737028735,-1.733932628279572e-07,-0.008064958682256304,0.06275250541400235,0.021019957077618074,0.028865212252090027,-0.011156682127355792,-0.10058407349216146,-0.021682613101012126,0.10504464630722145,True
396,-0.016631295781393957,5.230113683311745e-08,0.003188322267415278,0.0029343953534759722,0.004583567592525819,1.2484898677876306e-07,0.006462550074858702,-0.004465829151259728,-0.0006120565651607598,4.796070009234858e-05,0.00576366228897472,0.004290018655115756,0.01826830329302037,0.01826830329302037,False
397,-0.0006598344461822055,2.057957811320711e-07,0.007967524000207539,0.008159252054853856,0.005484591779167241,2.5327877221563187e-07,0.0016694375611358198,-0.013587629164497553,-0.0012319157970348377,-0.0006304069276494443,0.007851558520142026,0.006690931053631271,-0.002741772466450218,0.013587629164497553,False
398,-0.010466601098675773,-5.7310125615403766e-08,-0.047299256921687904,0.0011102788353431652,0.0017920326942713883,2.0987257513722753e-07,0.0005625045284369481,0.030449727740181117,0.02208619274566044,0.026942898088268438,0.0039461853483307285,0.004185386448883651,-0.004737236801373792,0.047299256921687904,False
399,-0.010633603513354786,4.1262102632594515e-08,0.004073836123725326,0.005285916815020021,0.004978989736403544,2.730473356988941e-07,0.0019946261337406034,0.017429216195524722,0.009153257989897037,0.009507729066783191,0.0026907651400368887,0.004200508968125691,-0.0019806684093276817,0.017429216195524722,False
400,-0.0146996334531705,2.7656251748605797e-09,0.0016958553651570609,0.001862288821935893,0.003505649593018895,1.1569182388299461e-07,0.004714666358724029,0.005517565160473445,0.0027617679680210644,0.003193936647521272,0.003059361934070283,0.002783931714133929,0.012590998139497761,0.0146996334531705,False
401,-0.016631295781393957,5.230113683311745e-08,0.003188322267415278,0.0029343953534759722,0.004583567592525819,1.2484898677876306e-07,0.006462550074858702,-0.004465829151259728,-0.0006120565651607598,4.796070009234858e-05,0.00576366228897472,0.004290018655115756,0.01826830329302037,0.01826830329302037,False
402,-0.0006598344461822055,2.057957811320711e-07,0.007967524000207539,0.008159252054853856,0.005484591779167241,2.5327877221563187e-07,0.0016694375611358198,-0.013587629164497553,-0.0012319157970348377,-0.0006304069276494443,0.007851558520142026,0.006690931053631271,-0.002741772466450218,0.013587629164497553,False
403,-0.0006598344461822055,2.057957811320711e-07,0.007967524000207539,0.008159252054853856,0.005484591779167241,2.5327877221563187e-07,0.0016694375611358198,-0.013587629164497553,-0.0012319157970348377,-0.0006304069276494443,0.007851558520142026,0.006690931053631271,-0.002741772466450218,0.013587629164497553,False
404,-0.03432396217310929,-6.73226510213385e-07,0.28178817280422896,-0.012003438767546611,-0.0005977621879682578,-4.021344614014392e-07,0.004430507769988347,0.0753153182825217,-0.040083461059881205,-0.07133866898402756,-0.0532472485726337,-0.03175706160754948,0.029460643669214165,0.28178817280422896,True
405,-6.92340048911872e-11,8.551505633893033e-17,5.072010416022335e-12,2.0305376235307206e-12,1.2633613330728719e-11,-8.73990900497524e-06,2.8783912024618546e-11,-3.644350638673369e-11,-1.4508162179082971e-11,-1.207133583738098e-11,2.0008979515600377e-11,1.1354318181512245e-11,9.679142056065519e-11,8.73990900497524e-06,False
406,-0.010633603513354786,4.1262102632594515e-08,0.004073836123725326,0.005285916815020021,0.004978989736403544,2.730473356988941e-07,0.0019946261337406034,0.017429216195524722,0.009153257989897037,0.009507729066783191,0.0026907651400368887,0.004200508968125691,-0.0019806684093276817,0.017429216195524722,False
407,0.007540890199362081,1.479062110374935e-07,-0.06190816957199398,0.002637126020134973,0.0001313268847595438,8.834795363990924e-08,-0.0009733716769760736,-0.01654659047327156,0.00880623796106428,0.01567293038793303,0.011698289751028358,0.006976948448699862,-0.006472431067009037,0.06190816957199398,False
408,0.02162557601235759,2.5603138203684597e-07,0.013493331255079049,0.025894319689571267,0.011841437878080773,1.0626246774320696e-07,-0.004647725924367532,-0.029834555085849618,-0.010780628497724883,0.005309152724792237,0.00696831689804708,-0.10655584285445147,-0.019960431500706453,0.10655584285445147,True
409,-0.010633603513354786,4.1262102632594515e-08,0.004073836123725326,0.005285916815020021,0.004978989736403544,2.730473356988941e-07,0.0019946261337406034,0.017429216195524722,0.009153257989897037,0.009507729066783191,0.0026907651400368887,0.004200508968125691,-0.0019806684093276817,0.017429216195524722,False
410,-0.03432396217310929,-6.73226510213385e-07,0.28178817280422896,-0.012003438767546611,-0.0005977621879682578,-4.021344614014392e-07,0.004430507769988347,0.0753153182825217,-0.040083461059881205,-0.07133866898402756,-0.0532472485726337,-0.03175706160754948,0.029460643669214165,0.28178817280422896,True
411,-0.0028689816722590428,1.7402079556885835e-07,0.0337081192641678,0.013657375284362642,0.012828879215274626,2.8387575360095783e-07,0.0015289278577344065,-0.004700444261513025,-0.1239255528353154,-0.004752070360017558,0.027785899739168517,0.0026605985381506917,-0.004164407931987477,0.1239255528353154,True
412,-0.0146996334531705,2.7656251748605797e-09,0.0016958553651570609,0.001862288821935893,0.003505649593018895,1.1569182388299461e-07,0.004714666358724029,0.005517565160473445,0.0027617679680210644,0.003193936647521272,0.003059361934070283,0.002783931714133929,0.012590998139497761,0.0146996334531705,False
413,0.007540890199362081,1.479062110374935e-07,-0.06190816957199398,0.002637126020134973,0.0001313268847595438,8.834795363990924e-08,-0.0009733716769760736,-0.01654659047327156,0.00880623796106428,0.01567293038793303,0.011698289751028358,0.006976948448699862,-0.006472431067009037,0.06190816957199398,False
414,-0.010633603513354786,4.1262102632594515e-08,0.004073836123725326,0.005285916815020021,0.004978989736403544,2.730473356988941e-07,0.0019946261337406034,0.017429216195524722,0.009153257989897037,0.009507729066783191,0.0026907651400368887,0.004200508968125691,-0.0019806684093276817,0.017429216195524722,False
415,-0.0146996334531705,2.7656251748605797e-09,0.0016958553651570609,0.001862288821935893,0.003505649593018895,1.1569182388299461e-07,0.004714666358724029,0.005517565160473445,0.0027617679680210644,0.003193936647521272,0.003059361934070283,0.002783931714133929,0.012590998139497761,0.0146996334531705,False
416,-0.009285113127758461,-7.131680156407912e-08,0.006113439625111529,0.018073075512254413,0.011559672303975648,3.125416169007719e-07,-0.0014484326227048427,0.04549467989030085,0.017046968168587074,0.028887641501065126,-0.0020181758254636845,-0.08100489943029032,-0.01499808971193292,0.08100489943029032,False
417,-0.0006598344461822055,2.057957811320711e-07,0.007967524000207539,0.008159252054853856,0.005484591779167241,2.5327877221563187e-07,0.0016694375611358198,-0.013587629164497553,-0.0012319157970348377,-0.0006304069276494443,0.007851558520142026,0.006690931053631271,-0.002741772466450218,0.013587629164497553,False
418,-0.023710849581758574,2.6369169971181045e-08,-0.020142153207579817,0.0013248423646634612,0.004511608985842765,9.737658847889135e-08,0.009140150738896034,-0.005670645416181129,0.002662968768176666,0.005742412222127796,0.009099763422354877,0.0057408567271258135,0.028475428736181845,0.028475428736181845,False
419,-0.04521178686279148,-5.657570201854207e-07,-0.004740743139320012,0.3356006257213261,0.006719339342059539,-2.852789015897566e-08,0.00675183871782672,0.09051319683505477,0.013720794597182787,0.033399667057224414,-0.030665666832444944,-0.06909234018108845,0.02525270992208932,0.3356006257213261,True
420,-0.007496323350732441,2.6038911638889627e-07,0.010321767926198605,0.003261744610474151,0.32534154100724394,-5.137923032364432e-07,0.014801191997558907,-0.11483861243222146,-0.06364532891171847,-0.043287201962929164,0.002890342211977633,-0.027591705172233794,0.06744659002457039,0.32534154100724394,True
421,0.19466645160950968,1.0311220082280627e-06,0.15317961117552906,0.003566673412391317,-0.024367116064718884,9.175816329820825e-07,-0.06872882572911093,-0.013347487712560408,-0.0034418348173173565,0.24140336670141102,-0.02663834263153358,0.21066530831761224,-0.2694675838661276,0.2694675838661276,True
422,-0.0006598344461822055,2.057957811320711e-07,0.007967524000207539,0.008159252054853856,0.005484591779167241,2.5327877221563187e-07,0.0016694375611358198,-0.013587629164497553,-0.0012319157970348377,-0.0006304069276494443,0.007851558520142026,0.006690931053631271,-0.002741772466450218,0.013587629164497553,False
423,-0.016631295781393957,5.230113683311745e-08,0.003188322267415278,0.0029343953534759722,0.004583567592525819,1.2484898677876306e-07,0.006462550074858702,-0.004465829151259728,-0.0006120565651607598,4.796070009234858e-05,0.00576366228897472,0.004290018655115756,0.01826830329302037,0.01826830329302037,False
424,0.008470355737644557,1.0599367011490835e-07,0.000888170621804949,-0.06287423884091597,-0.0012588574462212873,5.344654455359292e-09,-0.0012649461521340802,-0.016957502221070606,-0.002570568856170044,-0.006257374041688371,0.005745163485601262,0.012944339091402112,-0.0047310546921930765,0.06287423884091597,False
425,-0.0006598344461822055,2.057957811320711e-07,0.007967524000207539,0.008159252054853856,0.005484591779167241,2.5327877221563187e-07,0.0016694375611358198,-0.013587629164497553,-0.0012319157970348377,-0.0006304069276494443,0.007851558520142026,0.006690931053631271,-0.002741772466450218,0.013587629164497553,False
426,0.009292654587833581,-5.636547489855801e-07,-0.10918086795610864,-0.04423634780283055,-0.041552842407220736,-9.194758368733387e-07,-0.004952209562375812,0.015224776565829948,0.4013958570178441,0.015391993911886533,-0.08999875153784341,-0.008617699949425447,0.013488550606293226,0.4013958570178441,True
427,-0.0146996334531705,2.7656251748605797e-09,0.0016958553651570609,0.001862288821935893,0.003505649593018895,1.1569182388299461e-07,0.004714666358724029,0.005517565160473445,0.0027617679680210644,0.003193936647521272,0.003059361934070283,0.002783931714133929,0.012590998139497761,0.0146996334531705,False
428,-0.0006598344461822055,2.057957811320711e-07,0.007967524000207539,0.008159252054853856,0.005484591779167241,2.5327877221563187e-07,0.0016694375611358198,-0.013587629164497553,-0.0012319157970348377,-0.0006304069276494443,0.007851558520142026,0.006690931053631271,-0.002741772466450218,0.013587629164497553,False
429,0.05620223326845551,-1.520858289174698e-07,0.10705281350812701,0.027718360180063715,0.006573579965496299,-5.297198174280573e-07,-0.020022950834300224,-0.002143157690458723,-0.031681483060130175,-0.3018697945468541,-0.02670089160449519,-0.230989658042296,-0.05200009406988128,0.3018697945468541,True
430,-0.0006598344461822055,2.057957811320711e-07,0.007967524000207539,0.008159252054853856,0.005484591779167241,2.5327877221563187e-07,0.0016694375611358198,-0.013587629164497553,-0.0012319157970348377,-0.0006304069276494443,0.007851558520142026,0.006690931053631271,-0.002741772466450218,0.013587629164497553,False
431,-0.010633603513354786,4.1262102632594515e-08,0.004073836123725326,0.005285916815020021,0.004978989736403544,2.730473356988941e-07,0.0019946261337406034,0.017429216195524722,0.009153257989897037,0.009507729066783191,0.0026907651400368887,0.004200508968125691,-0.0019806684093276817,0.017429216195524722,False
432,-0.03398646230484865,-5.268934751184626e-08,0.003202137326091088,0.0067324074948316125,0.009219064753166804,1.866142661631154e-07,0.010596405931706649,0.01564390738583851,0.005485791738940915,0.010437743294543556,0.005298852983696237,-0.023989975313096365,0.030768487031410434,0.03398646230484865,False
433,-0.010633603513354786,4.1262102632594515e-08,0.004073836123725326,0.005285916815020021,0.004978989736403544,2.730473356988941e-07,0.0019946261337406034,0.017429216195524722,0.009153257989897037,0.009507729066783191,0.0026907651400368887,0.004200508968125691,-0.0019806684093276817,0.017429216195524722,False
434,-0.010633603513354786,4.1262102632594515e-08,0.004073836123725326,0.005285916815020021,0.004978989736403544,2.730473356988941e-07,0.0019946261337406034,0.017429216195524722,0.009153257989897037,0.009507729066783191,0.0026907651400368887,0.004200508968125691,-0.0019806684093276817,0.017429216195524722,False
435,-0.010633603513354786,4.1262102632594515e-08,0.004073836123725326,0.005285916815020021,0.004978989736403544,2.730473356988941e-07,0.0019946261337406034,0.017429216195524722,0.009153257989897037,0.009507729066783191,0.0026907651400368887,0.004200508968125691,-0.0019806684093276817,0.017429216195524722,False
436,0.02768070053946769,2.1714988932889898e-07,0.019938212470755258,0.011860722575444004,0.0053035291376072775,9.6174641474117e-08,-0.007848735624451582,-0.02015952567842674,0.015437466798396167,-0.008983388781098965,-0.12086952084484616,0.003831867113761756,-0.03065963466262705,0.12086952084484616,True
437,-0.0006598344461822055,2.057957811320711e-07,0.007967524000207539,0.008159252054853856,0.005484591779167241,2.5327877221563187e-07,0.0016694375611358198,-0.013587629164497553,-0.0012319157970348377,-0.0006304069276494443,0.007851558520142026,0.006690931053631271,-0.002741772466450218,0.013587629164497553,False
438,-0.07539732263172882,1.1476543009808816e-07,0.004501592438376626,0.0020006934262047373,-0.11965774251500498,2.0764382823732838e-07,0.030945488668112472,-0.03588383752289744,-0.005867337955793597,-0.010990666749282054,0.029069387122162813,0.02721151501596031,0.10030918276805295,0.11965774251500498,True
439,-0.010633603513354786,4.1262102632594515e-08,0.004073836123725326,0.005285916815020021,0.004978989736403544,2.730473356988941e-07,0.0019946261337406034,0.017429216195524722,0.009153257989897037,0.009507729066783191,0.0026907651400368887,0.004200508968125691,-0.0019806684093276817,0.017429216195524722,False
440,-0.0006598344461822055,2.057957811320711e-07,0.007967524000207539,0.008159252054853856,0.005484591779167241,2.5327877221563187e-07,0.0016694375611358198,-0.013587629164497553,-0.0012319157970348377,-0.0006304069276494443,0.007851558520142026,0.006690931053631271,-0.002741772466450218,0.013587629164497553,False
441,-0.023710849581758574,2.6369169971181045e-08,-0.020142153207579817,0.0013248423646634612,0.004511608985842765,9.737658847889135e-08,0.009140150738896034,-0.005670645416181129,0.002662968768176666,0.005742412222127796,0.009099763422354877,0.0057408567271258135,0.028475428736181845,0.028475428736181845,False
442,-0.051389451262132166,-1.0836453580792869e-07,-0.05864712724595975,-0.0015902032043404906,0.007841431647634114,-4.555993793366467e-08,0.01931622436992967,-0.007605878796236125,0.018576998928440305,0.01231041001748376,-0.056148235965360935,0.008710668876570491,0.06857204688594948,0.06857204688594948,False
443,-0.0146996334531705,2.7656251748605797e-09,0.0016958553651570609,0.001862288821935893,0.003505649593018895,1.1569182388299461e-07,0.004714666358724029,0.005517565160473445,0.0027617679680210644,0.003193936647521272,0.003059361934070283,0.002783931714133929,0.012590998139497761,0.0146996334531705,False
444,-0.010633603513354786,4.1262102632594515e-08,0.004073836123725326,0.005285916815020021,0.004978989736403544,2.730473356988941e-07,0.0019946261337406034,0.017429216195524722,0.009153257989897037,0.009507729066783191,0.0026907651400368887,0.004200508968125691,-0.0019806684093276817,0.017429216195524722,False
445,-0.010633603513354786,4.1262102632594515e-08,0.004073836123725326,0.005285916815020021,0.004978989736403544,2.730473356988941e-07,0.0019946261337406034,0.017429216195524722,0.009153257989897037,0.009507729066783191,0.0026907651400368887,0.004200508968125691,-0.0019806684093276817,0.017429216195524722,False
446,0.06613733770742891,6.826549770459929e-07,0.01031726187914823,0.0033170409651573046,-0.007047407620800377,-6.059897355996158e-07,-1.4895144067610588,-0.17619993486654995,-0.06524864376702458,-0.06477500049928032,0.018780171762682648,0.0035930558875630464,0.00021547481431170848,1.4895144067610588,True
447,0.007540890199362081,1.479062110374935e-07,-0.06190816957199398,0.002637126020134973,0.0001313268847595438,8.834795363990924e-08,-0.0009733716769760736,-0.01654659047327156,0.00880623796106428,0.01567293038793303,0.011698289751028358,0.006976948448699862,-0.006472431067009037,0.06190816957199398,False
448,-0.0006598344461822055,2.057957811320711e-07,0.007967524000207539,0.008159252054853856,0.005484591779167241,2.5327877221563187e-07,0.0016694375611358198,-0.013587629164497553,-0.0012319157970348377,-0.0006304069276494443,0.007851558520142026,0.006690931053631271,-0.002741772466450218,0.013587629164497553,False
449,0.004869166421937083,-1.5186444312849473e-06,-0.05879535473217102,-0.06021018812140783,-0.04047286449452642,-1.8690392721953416e-06,-0.012319407335030832,0.10026822343742127,0.009090769765480691,0.004652009700353794,-0.0579396018612715,-0.04937489548528527,0.020232569711197728,0.10026822343742127,True
450,-0.0146996334531705,2.7656251748605797e-09,0.0016958553651570609,0.001862288821935893,0.003505649593018895,1.1569182388299461e-07,0.004714666358724029,0.005517565160473445,0.0027617679680210644,0.003193936647521272,0.003059361934070283,0.002783931714133929,0.012590998139497761,0.0146996334531705,False
451,0.008470355737644557,1.0599367011490835e-07,0.000888170621804949,-0.06287423884091597,-0.0012588574462212873,5.344654455359292e-09,-0.0012649461521340802,-0.016957502221070606,-0.002570568856170044,-0.006257374041688371,0.005745163485601262,0.012944339091402112,-0.0047310546921930765,0.06287423884091597,False
452,-0.0028689816722590428,1.7402079556885835e-07,0.0337081192641678,0.013657375284362642,0.012828879215274626,2.8387575360095783e-07,0.0015289278577344065,-0.004700444261513025,-0.1239255528353154,-0.004752070360017558,0.027785899739168517,0.0026605985381506917,-0.004164407931987477,0.1239255528353154,True
453,-0.010633603513354786,4.1262102632594515e-08,0.004073836123725326,0.005285916815020021,0.004978989736403544,2.730473356988941e-07,0.0019946261337406034,0.017429216195524722,0.009153257989897037,0.009507729066783191,0.0026907651400368887,0.004200508968125691,-0.0019806684093276817,0.017429216195524722,False
454,-0.010633603513354786,4.1262102632594515e-08,0.004073836123725326,0.005285916815020021,0.004978989736403544,2.730473356988941e-07,0.0019946261337406034,0.017429216195524722,0.009153257989897037,0.009507729066783191,0.0026907651400368887,0.004200508968125691,-0.0019806684093276817,0.017429216195524722,False
455,0.008470355737644557,1.0599367011490835e-07,0.0008881706218049488,-0.06287423884091597,-0.0012588574462212864,5.344654455359288e-09,-0.0012649461521340802,-0.016957502221070602,-0.002570568856170042,-0.0062573740416883685,0.005745163485601262,0.012944339091402114,-0.0047310546921930765,0.06287423884091597,False
456,-0.0006598344461822058,2.057957811320711e-07,0.007967524000207539,0.008159252054853856,0.00548459177916724,2.5327877221563187e-07,0.0016694375611358198,-0.013587629164497553,-0.0012319157970348384,-0.0006304069276494459,0.007851558520142026,0.006690931053631272,-0.002741772466450217,0.013587629164497553,False
457,-0.010633603513354786,4.1262102632594515e-08,0.004073836123725326,0.005285916815020021,0.004978989736403544,2.7304733569889413e-07,0.0019946261337406034,0.017429216195524722,0.009153257989897037,0.009507729066783191,0.0026907651400368887,0.004200508968125692,-0.001980668409327682,0.017429216195524722,False
458,-0.0146996334531705,2.7656251748605797e-09,0.0016958553651570609,0.001862288821935893,0.003505649593018895,1.1569182388299461e-07,0.004714666358724029,0.005517565160473445,0.0027617679680210644,0.003193936647521272,0.003059361934070283,0.002783931714133929,0.012590998139497761,0.0146996334531705,False
459,-0.016631295781393957,5.230113683311745e-08,0.003188322267415278,0.0029343953534759722,0.0045835675925258185,1.2484898677876306e-07,0.006462550074858702,-0.004465829151259728,-0.0006120565651607598,4.796070009234858e-05,0.00576366228897472,0.004290018655115756,0.01826830329302037,0.01826830329302037,False
460,-0.019776786795059603,1.4703341746125273e-08,0.0010992342972505607,-0.020590427482568584,0.003422100038705844,5.96616620143347e-08,0.0077242479713841815,-0.005684668551833016,-0.0011449809905249783,-0.0017359654302279096,0.0063160106615387955,0.007209272999510222,0.02480808993083564,0.02480808993083564,False
461,-0.016631295781393957,5.230113683311745e-08,0.003188322267415278,0.0029343953534759722,0.0045835675925258185,1.2484898677876306e-07,0.006462550074858702,-0.004465829151259728,-0.0006120565651607598,4.796070009234858e-05,0.00576366228897472,0.004290018655115756,0.01826830329302037,0.01826830329302037,False
462,-0.010633603513354786,4.1262102632594515e-08,0.004073836123725326,0.005285916815020021,0.004978989736403544,2.7304733569889413e-07,0.0019946261337406034,0.017429216195524722,0.009153257989897037,0.009507729066783191,0.0026907651400368887,0.004200508968125692,-0.001980668409327682,0.017429216195524722,False
463,-0.09424356638383223,1.1592817620033373e-07,0.009642911677907524,0.25787984865278446,0.008473524247949211,1.203968433505106e-06,0.026821303707222275,0.06769716939667146,0.030603043100632384,0.01042510193237005,0.003933456915869226,0.2463987385915647,0.053827056922810805,0.25787984865278446,True
464,-0.0028689816722590428,1.7402079556885835e-07,0.0337081192641678,0.013657375284362642,0.012828879215274626,2.8387575360095783e-07,0.0015289278577344065,-0.004700444261513025,-0.1239255528353154,-0.004752070360017558,0.027785899739168517,0.0026605985381506917,-0.004164407931987477,0.1239255528353154,True
465,0.012678127195274868,-7.895442921927216e-08,-0.0970537496830235,0.0003317066548170184,0.002290645199540227,-1.8039153288817883e-07,-0.004749212544886295,0.0017223780397267496,-0.15893421572702143,0.02586583459560352,0.03962631033065168,-0.0026514409477383935,-0.010493643739761284,0.15893421572702143,True
466,-0.010633603513354788,4.1262102632594515e-08,0.004073836123725324,0.005285916815020021,0.004978989736403545,2.7304733569889413e-07,0.0019946261337406034,0.017429216195524722,0.009153257989897037,0.009507729066783191,0.0026907651400368913,0.004200508968125692,-0.0019806684093276795,0.017429216195524722,False
467,-0.03780665087637296,2.7613294977746928e-08,0.013162030770980498,0.005400968553128748,0.010766677736368104,1.9407250338656272e-07,0.013800848865427883,-0.001705562520446752,-0.044050607661675366,-0.00110165346506647,0.016937298292651753,0.005648610641006702,0.041495759351052756,0.044050607661675366,False
468,-0.000659834446182206,2.0579578113207104e-07,0.007967524000207539,0.008159252054853856,0.00548459177916724,2.5327877221563187e-07,0.00166943756113582,-0.013587629164497553,-0.0012319157970348384,-0.0006304069276494459,0.007851558520142026,0.006690931053631272,-0.0027417724664502165,0.013587629164497553,False
469,-0.000659834446182206,2.0579578113207104e-07,0.007967524000207539,0.008159252054853856,0.00548459177916724,2.5327877221563187e-07,0.00166943756113582,-0.013587629164497553,-0.0012319157970348384,-0.0006304069276494459,0.007851558520142026,0.006690931053631272,-0.0027417724664502165,0.013587629164497553,False
